标本ID,日期,星期,采集时间,采集时段,来源科室/采血点,患者类型,标本类型,检验专业组,检验项目数,签收时间,前处理开始,前处理完成,前处理状态,前处理报错类型,前处理耗时_分钟,上机时间,报告时间,TAT_分钟,目标TAT_分钟,是否超时,前处理工位,仪器编号,操作人
S0803-00001,2026-08-03,周一,09:26,07-10 早高峰,门诊采血中心,门诊,血清,生化,9,09:35,09:40,10:05,正常,,25,10:10,10:42,76,120,否,前处理-B线,BIO-01,OP-106
S0803-00002,2026-08-03,周一,17:49,17-20,急诊采血,急诊,尿液,生化,9,17:57,18:01,18:07,正常,,6,18:14,18:52,63,60,是,前处理-A线,COAG-01,OP-103
S0803-00003,2026-08-03,周一,07:42,07-10 早高峰,门诊采血中心,门诊,尿液,生化,10,08:05,08:06,08:29,正常,,23,08:34,09:14,92,120,否,前处理-手工台,IMM-02,OP-105
S0803-00004,2026-08-03,周一,09:27,07-10 早高峰,儿科门诊采血窗口,门诊,血清,免疫,4,09:45,09:48,10:07,正常,,19,10:11,10:49,82,120,否,前处理-B线,IMM-01,OP-104
S0803-00005,2026-08-03,周一,08:42,07-10 早高峰,呼吸科病区,住院,尿液,免疫,14,09:23,09:26,09:43,正常,,17,09:46,10:19,97,120,否,前处理-B线,MICRO-01,OP-102
S0803-00006,2026-08-03,周一,07:07,07-10 早高峰,急诊采血,急诊,血清,免疫,7,07:29,07:31,07:56,正常,,25,08:00,08:28,81,60,是,前处理-A线,BIO-02,OP-108
S0803-00007,2026-08-03,周一,08:07,07-10 早高峰,消化科病区,住院,血清,生化,5,08:51,08:57,09:14,正常,,17,09:21,09:52,105,120,否,前处理-B线,HEM-01,OP-105
S0803-00008,2026-08-03,周一,16:01,14-17,门诊采血中心,门诊,全血,微生物,4,16:18,16:20,16:29,正常,,9,16:37,18:38,157,120,是,前处理-B线,COAG-01,OP-106
S0803-00009,2026-08-03,周一,08:26,07-10 早高峰,消化科病区,住院,全血,血液,6,08:53,08:58,09:24,正常,,26,09:30,09:59,93,120,否,前处理-B线,MICRO-01,OP-102
S0803-00010,2026-08-03,周一,13:39,12-14,呼吸科病区,住院,血清,微生物,4,14:23,14:28,14:34,正常,,6,14:37,19:20,341,120,是,前处理-A线,BIO-02,OP-108
S0803-00011,2026-08-03,周一,15:10,14-17,门诊采血中心,门诊,血清,免疫,7,15:34,15:39,15:44,正常,,5,15:46,16:19,69,120,否,前处理-B线,COAG-01,OP-102
S0803-00012,2026-08-03,周一,08:18,07-10 早高峰,内分泌科病区,住院,血清,凝血,1,08:54,08:57,09:10,正常,,13,09:13,10:02,104,120,否,前处理-手工台,MICRO-01,OP-101
S0803-00013,2026-08-03,周一,11:34,10-12,肾内科病区,住院,血清,生化,3,12:16,12:20,12:30,正常,,10,12:36,13:29,115,120,否,前处理-A线,BIO-01,OP-107
S0803-00014,2026-08-03,周一,16:42,14-17,急诊采血,急诊,血清,血液,4,17:06,17:12,17:20,正常,,8,17:28,18:23,101,60,是,前处理-B线,HEM-01,OP-103
S0803-00015,2026-08-03,周一,09:24,07-10 早高峰,心内科病区,住院,全血,生化,10,09:49,09:55,10:20,正常,,25,10:22,11:03,99,120,否,前处理-手工台,IMM-01,OP-106
S0803-00016,2026-08-03,周一,09:08,07-10 早高峰,ICU,住院,血清,生化,4,09:39,09:45,10:07,正常,,22,10:10,10:38,90,90,否,前处理-B线,IMM-01,OP-107
S0803-00017,2026-08-03,周一,15:02,14-17,体检中心,体检,血清,生化,11,15:17,15:22,15:29,正常,,7,15:36,15:57,55,240,否,前处理-手工台,IMM-02,OP-104
S0803-00018,2026-08-03,周一,07:07,07-10 早高峰,急诊采血,急诊,全血,免疫,15,07:16,07:20,07:34,正常,,14,07:38,08:30,83,60,是,前处理-A线,IMM-01,OP-106
S0803-00019,2026-08-03,周一,08:29,07-10 早高峰,门诊采血中心,门诊,血清,血液,3,08:48,08:51,09:08,正常,,17,09:12,09:40,71,120,否,前处理-B线,BIO-02,OP-104
S0803-00020,2026-08-03,周一,11:24,10-12,ICU,住院,血浆,生化,17,12:08,12:14,12:20,正常,,6,12:27,13:05,101,90,是,前处理-A线,IMM-02,OP-102
S0803-00021,2026-08-03,周一,10:12,10-12,门诊采血中心,门诊,血清,生化,2,10:35,10:36,11:08,报错,离心异常,32,11:16,12:05,113,120,否,前处理-B线,MICRO-01,OP-103
S0803-00022,2026-08-03,周一,15:33,14-17,儿科门诊采血窗口,门诊,血清,免疫,9,15:52,15:58,16:03,正常,,5,16:07,16:34,61,120,否,前处理-手工台,IMM-02,OP-104
S0803-00023,2026-08-03,周一,13:18,12-14,心内科病区,住院,其他,微生物,3,14:01,14:05,14:14,正常,,9,14:17,17:42,264,120,是,前处理-A线,IMM-01,OP-107
S0803-00024,2026-08-03,周一,15:06,14-17,门诊采血中心,门诊,血清,凝血,6,15:17,15:18,15:23,正常,,5,15:25,15:50,44,120,否,前处理-B线,HEM-02,OP-103
S0803-00025,2026-08-03,周一,14:04,14-17,呼吸科病区,住院,血清,生化,3,14:58,15:00,15:10,正常,,10,15:15,16:09,125,120,是,前处理-A线,IMM-02,OP-106
S0803-00026,2026-08-03,周一,15:01,14-17,呼吸科病区,住院,血清,血液,2,15:45,15:49,15:57,正常,,8,16:00,16:33,92,120,否,前处理-B线,MICRO-01,OP-103
S0803-00027,2026-08-03,周一,10:13,10-12,ICU,住院,血浆,生化,5,10:52,10:54,10:58,正常,,4,11:04,11:54,101,90,是,前处理-手工台,HEM-01,OP-103
S0803-00028,2026-08-03,周一,07:04,07-10 早高峰,消化科病区,住院,血清,免疫,14,07:52,07:54,08:19,正常,,25,08:27,09:14,130,120,是,前处理-手工台,BIO-02,OP-101
S0803-00029,2026-08-03,周一,16:47,14-17,内分泌科病区,住院,血清,血液,6,17:24,17:28,17:35,正常,,7,17:41,18:28,101,120,否,前处理-手工台,IMM-01,OP-103
S0803-00030,2026-08-03,周一,11:18,10-12,儿科门诊采血窗口,门诊,其他,血液,2,11:28,11:30,11:35,正常,,5,11:40,12:18,60,120,否,前处理-A线,BIO-02,OP-106
S0803-00031,2026-08-03,周一,07:51,07-10 早高峰,儿科门诊采血窗口,门诊,血清,免疫,11,08:13,08:16,08:42,正常,,26,08:44,09:22,91,120,否,前处理-A线,IMM-01,OP-107
S0803-00032,2026-08-03,周一,19:06,17-20,儿科门诊采血窗口,门诊,血清,生化,17,19:16,19:21,19:30,正常,,9,19:36,19:58,52,120,否,前处理-手工台,BIO-02,OP-107
S0803-00033,2026-08-03,周一,09:48,07-10 早高峰,门诊采血中心,门诊,血清,凝血,4,10:13,10:15,10:36,正常,,21,10:40,11:00,72,120,否,前处理-B线,COAG-01,OP-108
S0803-00034,2026-08-03,周一,11:31,10-12,急诊采血,急诊,全血,生化,1,11:46,11:49,11:56,正常,,7,12:04,12:53,82,60,是,前处理-B线,COAG-01,OP-101
S0803-00035,2026-08-03,周一,13:56,12-14,心内科病区,住院,血清,生化,14,14:42,14:47,14:54,正常,,7,14:58,15:52,116,120,否,前处理-手工台,HEM-01,OP-105
S0803-00036,2026-08-03,周一,15:07,14-17,心内科病区,住院,血清,生化,18,15:58,16:02,16:09,正常,,7,16:17,16:40,93,120,否,前处理-A线,IMM-02,OP-103
S0803-00037,2026-08-03,周一,14:24,14-17,体检中心,体检,血清,生化,5,14:47,14:49,14:59,正常,,10,15:02,15:47,83,240,否,前处理-B线,HEM-01,OP-102
S0803-00038,2026-08-03,周一,14:49,14-17,消化科病区,住院,血清,微生物,4,15:40,15:42,15:47,正常,,5,15:53,20:15,326,120,是,前处理-B线,BIO-02,OP-104
S0803-00039,2026-08-03,周一,10:23,10-12,心内科病区,住院,血清,生化,14,11:16,11:22,11:26,正常,,4,11:33,12:21,118,120,否,前处理-A线,BIO-01,OP-108
S0803-00040,2026-08-03,周一,07:39,07-10 早高峰,门诊采血中心,门诊,全血,生化,14,08:03,08:08,08:34,正常,,26,08:36,09:19,100,120,否,前处理-B线,IMM-01,OP-106
S0803-00041,2026-08-03,周一,08:11,07-10 早高峰,心内科病区,住院,血清,血液,1,08:50,08:53,09:21,正常,,28,09:25,09:51,100,120,否,前处理-B线,IMM-02,OP-107
S0803-00042,2026-08-03,周一,10:49,10-12,儿科门诊采血窗口,门诊,血清,免疫,18,10:59,11:00,11:05,正常,,5,11:08,11:46,57,120,否,前处理-B线,MICRO-01,OP-102
S0803-00043,2026-08-03,周一,12:56,12-14,门诊采血中心,门诊,血浆,生化,2,13:13,13:14,13:23,正常,,9,13:28,14:09,73,120,否,前处理-B线,MICRO-01,OP-107
S0803-00044,2026-08-03,周一,11:43,10-12,呼吸科病区,住院,血清,生化,1,12:30,12:32,12:39,正常,,7,12:45,13:09,86,120,否,前处理-A线,COAG-01,OP-101
S0803-00045,2026-08-03,周一,08:46,07-10 早高峰,内分泌科病区,住院,血清,免疫,4,09:13,09:18,09:37,正常,,19,09:39,10:06,80,120,否,前处理-B线,HEM-02,OP-102
S0803-00046,2026-08-03,周一,14:09,14-17,门诊采血中心,门诊,全血,生化,6,14:32,14:36,14:41,正常,,5,14:43,15:29,80,120,否,前处理-B线,IMM-02,OP-104
S0803-00047,2026-08-03,周一,15:22,14-17,内分泌科病区,住院,全血,血液,2,16:01,16:02,16:07,正常,,5,16:13,16:56,94,120,否,前处理-A线,COAG-01,OP-102
S0803-00048,2026-08-03,周一,08:01,07-10 早高峰,心内科病区,住院,血清,免疫,14,08:50,08:53,09:19,正常,,26,09:23,10:03,122,120,是,前处理-手工台,BIO-02,OP-104
S0803-00049,2026-08-03,周一,09:36,07-10 早高峰,门诊采血中心,门诊,血清,微生物,4,09:51,09:52,10:10,正常,,18,10:17,12:51,195,120,是,前处理-B线,COAG-01,OP-107
S0803-00050,2026-08-03,周一,09:23,07-10 早高峰,儿科门诊采血窗口,门诊,血清,生化,4,09:33,09:37,10:01,正常,,24,10:09,10:34,71,120,否,前处理-B线,BIO-01,OP-102
S0803-00051,2026-08-03,周一,13:06,12-14,消化科病区,住院,血清,免疫,3,13:40,13:44,13:54,正常,,10,14:02,14:37,91,120,否,前处理-A线,MICRO-01,OP-104
S0803-00052,2026-08-03,周一,08:37,07-10 早高峰,体检中心,体检,全血,生化,4,08:49,08:53,09:17,正常,,24,09:25,10:19,102,240,否,前处理-B线,BIO-01,OP-108
S0803-00053,2026-08-03,周一,09:41,07-10 早高峰,门诊采血中心,门诊,血清,免疫,15,09:57,09:59,10:22,正常,,23,10:30,11:00,79,120,否,前处理-A线,BIO-01,OP-102
S0803-00054,2026-08-03,周一,08:01,07-10 早高峰,肾内科病区,住院,尿液,微生物,4,08:39,08:40,08:57,正常,,17,09:05,13:38,337,120,是,前处理-手工台,IMM-02,OP-108
S0803-00055,2026-08-03,周一,11:51,10-12,儿科门诊采血窗口,门诊,血浆,血液,3,12:07,12:08,12:12,正常,,4,12:18,12:38,47,120,否,前处理-手工台,COAG-01,OP-108
S0803-00056,2026-08-03,周一,11:20,10-12,儿科门诊采血窗口,门诊,血清,生化,10,11:32,11:35,11:39,正常,,4,11:45,12:33,73,120,否,前处理-B线,IMM-02,OP-101
S0803-00057,2026-08-03,周一,09:58,07-10 早高峰,门诊采血中心,门诊,血清,凝血,4,10:18,10:19,10:41,正常,,22,10:45,11:22,84,120,否,前处理-手工台,BIO-01,OP-106
S0803-00058,2026-08-03,周一,10:05,10-12,心内科病区,住院,血清,生化,7,11:00,11:02,11:07,正常,,5,11:12,11:56,111,120,否,前处理-B线,BIO-01,OP-102
S0803-00059,2026-08-03,周一,08:34,07-10 早高峰,体检中心,体检,血清,血液,4,08:49,08:52,09:13,正常,,21,09:20,09:51,77,240,否,前处理-手工台,BIO-01,OP-106
S0803-00060,2026-08-03,周一,08:31,07-10 早高峰,儿科门诊采血窗口,门诊,血浆,血液,4,08:49,08:51,09:04,正常,,13,09:10,09:38,67,120,否,前处理-手工台,HEM-02,OP-108
S0803-00061,2026-08-03,周一,07:18,07-10 早高峰,门诊采血中心,门诊,血清,免疫,8,07:26,07:29,07:57,正常,,28,08:05,08:29,71,120,否,前处理-B线,IMM-02,OP-105
S0803-00062,2026-08-03,周一,07:28,07-10 早高峰,门诊采血中心,门诊,血清,生化,10,07:53,07:57,08:11,正常,,14,08:17,08:54,86,120,否,前处理-B线,BIO-02,OP-108
S0803-00063,2026-08-03,周一,08:39,07-10 早高峰,心内科病区,住院,全血,血液,3,09:27,09:31,09:49,正常,,18,09:56,10:45,126,120,是,前处理-B线,COAG-01,OP-106
S0803-00064,2026-08-03,周一,10:24,10-12,体检中心,体检,血清,免疫,15,10:46,10:48,10:55,正常,,7,10:57,11:49,85,240,否,前处理-手工台,IMM-02,OP-104
S0803-00065,2026-08-03,周一,18:21,17-20,体检中心,体检,全血,凝血,5,18:34,18:35,18:45,正常,,10,18:51,19:31,70,240,否,前处理-A线,BIO-01,OP-103
S0803-00066,2026-08-03,周一,11:39,10-12,心内科病区,住院,血清,免疫,11,12:27,12:28,12:37,正常,,9,12:42,13:35,116,120,否,前处理-A线,HEM-01,OP-106
S0803-00067,2026-08-03,周一,08:51,07-10 早高峰,儿科门诊采血窗口,门诊,血清,生化,3,09:11,09:14,09:37,正常,,23,09:43,10:14,83,120,否,前处理-A线,HEM-01,OP-102
S0803-00068,2026-08-03,周一,15:19,14-17,门诊采血中心,门诊,血浆,微生物,5,15:43,15:48,15:55,正常,,7,15:59,20:57,338,120,是,前处理-A线,HEM-02,OP-101
S0803-00069,2026-08-03,周一,08:50,07-10 早高峰,消化科病区,住院,全血,凝血,3,09:27,09:29,09:57,正常,,28,10:05,10:32,102,120,否,前处理-B线,HEM-01,OP-105
S0803-00070,2026-08-03,周一,09:30,07-10 早高峰,内分泌科病区,住院,血清,生化,4,09:57,10:00,10:22,正常,,22,10:27,10:55,85,120,否,前处理-B线,IMM-01,OP-102
S0803-00071,2026-08-03,周一,07:06,07-10 早高峰,呼吸科病区,住院,血清,血液,5,07:55,07:56,08:15,正常,,19,08:17,08:45,99,120,否,前处理-手工台,HEM-02,OP-102
S0803-00072,2026-08-03,周一,18:11,17-20,ICU,住院,全血,生化,17,18:43,18:47,18:57,正常,,10,19:02,19:54,103,90,是,前处理-B线,HEM-02,OP-103
S0803-00073,2026-08-03,周一,09:40,07-10 早高峰,儿科门诊采血窗口,门诊,血清,免疫,14,09:58,09:59,10:20,正常,,21,10:26,10:53,73,120,否,前处理-A线,IMM-02,OP-107
S0803-00074,2026-08-03,周一,07:12,07-10 早高峰,急诊采血,急诊,血清,生化,1,07:30,07:34,07:51,正常,,17,07:59,08:21,69,60,是,前处理-B线,HEM-01,OP-102
S0803-00075,2026-08-03,周一,16:06,14-17,门诊采血中心,门诊,全血,生化,17,16:21,16:22,16:30,正常,,8,16:36,17:28,82,120,否,前处理-B线,HEM-02,OP-102
S0803-00076,2026-08-03,周一,19:05,17-20,门诊采血中心,门诊,血清,免疫,8,19:29,19:30,19:39,正常,,9,19:45,20:30,85,120,否,前处理-手工台,BIO-01,OP-102
S0803-00077,2026-08-03,周一,18:37,17-20,门诊采血中心,门诊,血清,生化,1,18:57,19:03,19:07,正常,,4,19:12,19:36,59,120,否,前处理-A线,IMM-02,OP-108
S0803-00078,2026-08-03,周一,16:29,14-17,ICU,住院,血清,生化,1,17:07,17:13,17:20,正常,,7,17:25,17:48,79,90,否,前处理-B线,IMM-01,OP-102
S0803-00079,2026-08-03,周一,07:02,07-10 早高峰,急诊采血,急诊,血清,免疫,4,07:26,07:31,07:51,正常,,20,07:59,08:29,87,60,是,前处理-A线,MICRO-01,OP-102
S0803-00080,2026-08-03,周一,11:10,10-12,消化科病区,住院,血清,免疫,6,11:34,11:37,11:43,正常,,6,11:46,12:16,66,120,否,前处理-A线,MICRO-01,OP-104
S0803-00081,2026-08-03,周一,14:48,14-17,ICU,住院,全血,免疫,17,15:35,15:36,15:45,正常,,9,15:51,16:41,113,90,是,前处理-手工台,BIO-02,OP-106
S0803-00082,2026-08-03,周一,11:10,10-12,心内科病区,住院,血清,免疫,1,11:50,11:51,11:55,正常,,4,12:01,12:31,81,120,否,前处理-手工台,BIO-02,OP-105
S0803-00083,2026-08-03,周一,16:39,14-17,门诊采血中心,门诊,全血,血液,4,17:03,17:04,17:14,正常,,10,17:16,18:11,92,120,否,前处理-B线,BIO-01,OP-108
S0803-00084,2026-08-03,周一,16:35,14-17,急诊采血,急诊,血清,生化,6,16:47,16:49,16:58,正常,,9,17:02,17:50,75,60,是,前处理-B线,BIO-02,OP-105
S0803-00085,2026-08-03,周一,07:18,07-10 早高峰,消化科病区,住院,血浆,免疫,14,07:56,08:00,08:20,正常,,20,08:23,09:13,115,120,否,前处理-B线,MICRO-01,OP-106
S0803-00086,2026-08-03,周一,07:37,07-10 早高峰,消化科病区,住院,血清,生化,7,07:58,08:04,08:24,正常,,20,08:28,09:15,98,120,否,前处理-A线,BIO-02,OP-107
S0803-00087,2026-08-03,周一,09:49,07-10 早高峰,门诊采血中心,门诊,血清,免疫,6,10:02,10:04,10:31,正常,,27,10:33,11:06,77,120,否,前处理-A线,IMM-01,OP-104
S0803-00088,2026-08-03,周一,12:22,12-14,急诊采血,急诊,血清,血液,2,12:42,12:48,12:55,正常,,7,12:58,13:52,90,60,是,前处理-手工台,BIO-01,OP-108
S0803-00089,2026-08-03,周一,14:17,14-17,儿科门诊采血窗口,门诊,尿液,生化,12,14:31,14:34,14:43,正常,,9,14:46,15:34,77,120,否,前处理-手工台,MICRO-01,OP-105
S0803-00090,2026-08-03,周一,09:11,07-10 早高峰,心内科病区,住院,全血,血液,1,09:41,09:46,10:11,正常,,25,10:18,10:56,105,120,否,前处理-A线,IMM-01,OP-102
S0803-00091,2026-08-03,周一,13:52,12-14,体检中心,体检,血清,血液,6,14:03,14:07,14:17,正常,,10,14:20,15:14,82,240,否,前处理-A线,HEM-02,OP-106
S0803-00092,2026-08-03,周一,08:03,07-10 早高峰,门诊采血中心,门诊,全血,微生物,1,08:24,08:25,08:58,报错,离心异常,33,09:02,13:58,355,120,是,前处理-手工台,IMM-02,OP-108
S0803-00093,2026-08-03,周一,07:09,07-10 早高峰,内分泌科病区,住院,血清,生化,4,07:54,07:59,08:21,正常,,22,08:26,09:07,118,120,否,前处理-手工台,BIO-02,OP-102
S0803-00094,2026-08-03,周一,10:18,10-12,儿科门诊采血窗口,门诊,全血,免疫,15,10:39,10:45,10:54,正常,,9,10:57,11:18,60,120,否,前处理-手工台,IMM-01,OP-103
S0803-00095,2026-08-03,周一,12:16,12-14,心内科病区,住院,血清,微生物,4,12:46,12:49,12:56,正常,,7,13:03,16:01,225,120,是,前处理-B线,HEM-01,OP-104
S0803-00096,2026-08-03,周一,10:20,10-12,ICU,住院,血浆,生化,2,11:03,11:07,11:11,正常,,4,11:15,11:43,83,90,否,前处理-B线,BIO-01,OP-103
S0803-00097,2026-08-03,周一,11:39,10-12,体检中心,体检,尿液,生化,14,11:49,11:51,11:55,正常,,4,12:03,12:31,52,240,否,前处理-A线,HEM-01,OP-106
S0803-00098,2026-08-03,周一,08:31,07-10 早高峰,门诊采血中心,门诊,血清,生化,17,08:53,08:58,09:28,正常,,30,09:33,09:56,85,120,否,前处理-手工台,BIO-02,OP-106
S0803-00099,2026-08-03,周一,09:46,07-10 早高峰,体检中心,体检,血清,免疫,17,09:57,10:01,10:31,正常,,30,10:34,11:10,84,240,否,前处理-手工台,HEM-01,OP-104
S0803-00100,2026-08-03,周一,13:33,12-14,心内科病区,住院,血清,凝血,1,14:07,14:09,14:15,正常,,6,14:18,14:56,83,120,否,前处理-B线,MICRO-01,OP-101
S0803-00101,2026-08-03,周一,11:48,10-12,门诊采血中心,门诊,血清,血液,1,12:08,12:14,12:21,正常,,7,12:27,13:15,87,120,否,前处理-B线,COAG-01,OP-101
S0803-00102,2026-08-03,周一,16:32,14-17,肾内科病区,住院,全血,生化,15,16:52,16:55,16:59,正常,,4,17:05,17:54,82,120,否,前处理-A线,HEM-01,OP-104
S0803-00103,2026-08-03,周一,09:58,07-10 早高峰,心内科病区,住院,全血,生化,1,10:24,10:30,10:48,正常,,18,10:53,11:47,109,120,否,前处理-手工台,HEM-01,OP-107
S0803-00104,2026-08-03,周一,09:45,07-10 早高峰,呼吸科病区,住院,血浆,血液,5,10:29,10:34,10:52,正常,,18,10:56,11:27,102,120,否,前处理-A线,BIO-01,OP-106
S0803-00105,2026-08-03,周一,17:27,17-20,急诊采血,急诊,血清,微生物,3,17:49,17:50,17:59,正常,,9,18:07,23:06,339,60,是,前处理-手工台,COAG-01,OP-101
S0803-00106,2026-08-03,周一,13:30,12-14,门诊采血中心,门诊,血清,凝血,3,13:54,13:55,14:03,正常,,8,14:10,14:56,86,120,否,前处理-A线,BIO-02,OP-107
S0803-00107,2026-08-03,周一,07:52,07-10 早高峰,门诊采血中心,门诊,全血,血液,6,08:08,08:14,08:36,正常,,22,08:43,09:14,82,120,否,前处理-手工台,IMM-01,OP-104
S0803-00108,2026-08-03,周一,16:28,14-17,儿科门诊采血窗口,门诊,血清,生化,2,16:44,16:50,16:54,正常,,4,16:56,17:40,72,120,否,前处理-B线,IMM-02,OP-102
S0803-00109,2026-08-03,周一,07:58,07-10 早高峰,消化科病区,住院,血清,生化,7,08:22,08:23,08:43,正常,,20,08:47,09:21,83,120,否,前处理-手工台,MICRO-01,OP-108
S0803-00110,2026-08-03,周一,15:02,14-17,儿科门诊采血窗口,门诊,血清,血液,5,15:20,15:25,15:31,正常,,6,15:36,16:18,76,120,否,前处理-手工台,COAG-01,OP-101
S0803-00111,2026-08-03,周一,08:19,07-10 早高峰,儿科门诊采血窗口,门诊,血清,血液,6,08:30,08:31,08:53,正常,,22,08:59,09:47,88,120,否,前处理-A线,COAG-01,OP-101
S0803-00112,2026-08-03,周一,09:38,07-10 早高峰,呼吸科病区,住院,血浆,生化,11,10:27,10:31,10:51,正常,,20,10:55,11:22,104,120,否,前处理-A线,IMM-02,OP-107
S0803-00113,2026-08-03,周一,11:07,10-12,儿科门诊采血窗口,门诊,血清,免疫,15,11:20,11:22,11:27,正常,,5,11:30,12:13,66,120,否,前处理-B线,BIO-02,OP-107
S0803-00114,2026-08-03,周一,13:48,12-14,门诊采血中心,门诊,血浆,生化,17,14:01,14:02,14:10,正常,,8,14:14,14:46,58,120,否,前处理-手工台,HEM-01,OP-105
S0803-00115,2026-08-03,周一,18:44,17-20,体检中心,体检,其他,生化,11,19:05,19:08,19:18,正常,,10,19:24,20:19,95,240,否,前处理-B线,HEM-02,OP-101
S0803-00116,2026-08-03,周一,11:57,10-12,门诊采血中心,门诊,全血,凝血,5,12:20,12:24,12:33,正常,,9,12:38,13:33,96,120,否,前处理-B线,COAG-01,OP-104
S0803-00117,2026-08-03,周一,10:28,10-12,门诊采血中心,门诊,全血,生化,6,10:51,10:53,11:03,正常,,10,11:07,11:51,83,120,否,前处理-手工台,HEM-02,OP-107
S0803-00118,2026-08-03,周一,10:39,10-12,肾内科病区,住院,血清,免疫,3,11:08,11:09,11:18,正常,,9,11:20,11:49,70,120,否,前处理-B线,BIO-02,OP-101
S0803-00119,2026-08-03,周一,11:39,10-12,内分泌科病区,住院,尿液,血液,5,12:33,12:37,12:45,正常,,8,12:50,13:43,124,120,是,前处理-A线,HEM-02,OP-102
S0803-00120,2026-08-03,周一,07:47,07-10 早高峰,急诊采血,急诊,尿液,血液,6,08:04,08:08,08:27,正常,,19,08:30,09:05,78,60,是,前处理-A线,COAG-01,OP-106
S0803-00121,2026-08-03,周一,15:28,14-17,门诊采血中心,门诊,血浆,免疫,15,15:40,15:44,15:51,正常,,7,15:58,16:45,77,120,否,前处理-A线,BIO-01,OP-105
S0803-00122,2026-08-03,周一,09:45,07-10 早高峰,心内科病区,住院,血清,生化,5,10:16,10:17,10:38,正常,,21,10:40,11:08,83,120,否,前处理-手工台,BIO-02,OP-106
S0803-00123,2026-08-03,周一,14:47,14-17,肾内科病区,住院,血清,免疫,15,15:07,15:10,15:14,正常,,4,15:17,15:42,55,120,否,前处理-手工台,BIO-02,OP-105
S0803-00124,2026-08-03,周一,16:42,14-17,急诊采血,急诊,血清,生化,15,16:58,16:59,17:08,正常,,9,17:15,17:38,56,60,否,前处理-A线,IMM-01,OP-107
S0803-00125,2026-08-03,周一,10:10,10-12,急诊采血,急诊,血清,免疫,2,10:25,10:29,10:38,正常,,9,10:43,11:28,78,60,是,前处理-手工台,MICRO-01,OP-104
S0803-00126,2026-08-03,周一,09:23,07-10 早高峰,急诊采血,急诊,全血,免疫,9,09:33,09:35,09:59,正常,,24,10:06,10:47,84,60,是,前处理-A线,BIO-02,OP-102
S0803-00127,2026-08-03,周一,07:45,07-10 早高峰,肾内科病区,住院,全血,免疫,8,08:15,08:18,08:45,正常,,27,08:51,09:37,112,120,否,前处理-A线,IMM-01,OP-102
S0803-00128,2026-08-03,周一,15:46,14-17,内分泌科病区,住院,全血,生化,7,16:11,16:14,16:20,正常,,6,16:25,17:11,85,120,否,前处理-B线,MICRO-01,OP-101
S0803-00129,2026-08-03,周一,07:10,07-10 早高峰,消化科病区,住院,全血,血液,3,07:31,07:33,07:54,正常,,21,08:01,08:25,75,120,否,前处理-B线,MICRO-01,OP-102
S0803-00130,2026-08-03,周一,08:44,07-10 早高峰,呼吸科病区,住院,全血,生化,18,09:25,09:28,09:54,正常,,26,10:01,10:31,107,120,否,前处理-B线,BIO-02,OP-102
S0803-00131,2026-08-03,周一,07:35,07-10 早高峰,消化科病区,住院,全血,免疫,18,08:03,08:07,08:31,正常,,24,08:38,09:18,103,120,否,前处理-B线,MICRO-01,OP-102
S0803-00132,2026-08-03,周一,09:47,07-10 早高峰,心内科病区,住院,血清,生化,4,10:38,10:41,10:55,正常,,14,11:00,11:46,119,120,否,前处理-手工台,COAG-01,OP-101
S0803-00133,2026-08-03,周一,14:36,14-17,内分泌科病区,住院,血清,免疫,16,15:06,15:11,15:21,正常,,10,15:26,15:57,81,120,否,前处理-手工台,HEM-01,OP-101
S0803-00134,2026-08-03,周一,07:49,07-10 早高峰,ICU,住院,全血,生化,16,08:30,08:36,08:57,正常,,21,08:59,09:20,91,90,是,前处理-手工台,HEM-01,OP-108
S0803-00135,2026-08-03,周一,11:36,10-12,门诊采血中心,门诊,血浆,生化,3,11:49,11:55,11:59,正常,,4,12:02,12:42,66,120,否,前处理-B线,HEM-02,OP-107
S0803-00136,2026-08-03,周一,14:15,14-17,肾内科病区,住院,血清,血液,5,15:00,15:04,15:10,正常,,6,15:18,15:52,97,120,否,前处理-B线,HEM-02,OP-101
S0803-00137,2026-08-03,周一,13:16,12-14,门诊采血中心,门诊,全血,生化,16,13:25,13:30,13:40,正常,,10,13:44,14:20,64,120,否,前处理-A线,MICRO-01,OP-108
S0803-00138,2026-08-03,周一,07:08,07-10 早高峰,心内科病区,住院,血清,生化,4,07:44,07:47,08:13,正常,,26,08:16,08:51,103,120,否,前处理-A线,HEM-01,OP-106
S0803-00139,2026-08-03,周一,08:27,07-10 早高峰,门诊采血中心,门诊,血清,血液,3,08:38,08:40,08:57,正常,,17,09:04,09:24,57,120,否,前处理-B线,IMM-02,OP-107
S0803-00140,2026-08-03,周一,16:03,14-17,心内科病区,住院,血清,免疫,17,16:32,16:34,16:44,正常,,10,16:49,17:36,93,120,否,前处理-B线,HEM-02,OP-103
S0803-00141,2026-08-03,周一,08:41,07-10 早高峰,体检中心,体检,血清,免疫,2,09:05,09:08,09:27,正常,,19,09:34,10:05,84,240,否,前处理-手工台,COAG-01,OP-107
S0803-00142,2026-08-03,周一,08:40,07-10 早高峰,呼吸科病区,住院,其他,免疫,10,09:09,09:13,09:32,正常,,19,09:38,10:24,104,120,否,前处理-A线,IMM-02,OP-101
S0803-00143,2026-08-03,周一,07:47,07-10 早高峰,呼吸科病区,住院,其他,生化,14,08:34,08:35,08:54,正常,,19,08:59,09:52,125,120,是,前处理-A线,BIO-01,OP-104
S0803-00144,2026-08-03,周一,10:09,10-12,门诊采血中心,门诊,血浆,生化,1,10:24,10:27,10:37,正常,,10,10:41,11:09,60,120,否,前处理-B线,HEM-02,OP-101
S0803-00145,2026-08-03,周一,07:42,07-10 早高峰,肾内科病区,住院,其他,血液,1,08:20,08:22,08:43,正常,,21,08:47,09:31,109,120,否,前处理-A线,MICRO-01,OP-102
S0803-00146,2026-08-03,周一,10:02,10-12,体检中心,体检,尿液,免疫,1,10:20,10:26,10:36,正常,,10,10:39,11:09,67,240,否,前处理-手工台,BIO-01,OP-104
S0803-00147,2026-08-03,周一,09:00,07-10 早高峰,门诊采血中心,门诊,全血,免疫,12,09:16,09:22,09:42,正常,,20,09:44,10:37,97,120,否,前处理-手工台,HEM-02,OP-107
S0803-00148,2026-08-03,周一,11:42,10-12,门诊采血中心,门诊,血清,免疫,12,12:00,12:06,12:13,正常,,7,12:16,12:46,64,120,否,前处理-A线,BIO-01,OP-103
S0803-00149,2026-08-03,周一,09:37,07-10 早高峰,门诊采血中心,门诊,全血,生化,5,10:00,10:02,10:28,正常,,26,10:30,10:59,82,120,否,前处理-手工台,IMM-01,OP-106
S0803-00150,2026-08-03,周一,08:56,07-10 早高峰,心内科病区,住院,血清,微生物,4,09:42,09:44,10:03,正常,,19,10:07,14:14,318,120,是,前处理-B线,IMM-01,OP-106
S0803-00151,2026-08-03,周一,12:15,12-14,门诊采血中心,门诊,血清,血液,3,12:32,12:37,12:44,正常,,7,12:48,13:43,88,120,否,前处理-手工台,HEM-02,OP-102
S0803-00152,2026-08-03,周一,11:05,10-12,呼吸科病区,住院,血清,凝血,3,11:30,11:33,11:40,正常,,7,11:44,12:33,88,120,否,前处理-B线,MICRO-01,OP-107
S0803-00153,2026-08-03,周一,17:08,17-20,儿科门诊采血窗口,门诊,血清,生化,16,17:26,17:31,17:35,正常,,4,17:37,18:16,68,120,否,前处理-B线,MICRO-01,OP-102
S0803-00154,2026-08-03,周一,11:20,10-12,急诊采血,急诊,血清,免疫,1,11:31,11:36,11:44,正常,,8,11:49,12:36,76,60,是,前处理-B线,BIO-02,OP-106
S0803-00155,2026-08-03,周一,07:16,07-10 早高峰,儿科门诊采血窗口,门诊,全血,免疫,9,07:40,07:41,08:03,正常,,22,08:10,08:50,94,120,否,前处理-手工台,BIO-02,OP-104
S0803-00156,2026-08-03,周一,11:21,10-12,儿科门诊采血窗口,门诊,血清,血液,5,11:35,11:39,11:43,正常,,4,11:49,12:22,61,120,否,前处理-B线,IMM-01,OP-106
S0803-00157,2026-08-03,周一,10:21,10-12,儿科门诊采血窗口,门诊,全血,生化,11,10:34,10:39,10:47,正常,,8,10:54,11:31,70,120,否,前处理-A线,IMM-02,OP-104
S0803-00158,2026-08-03,周一,11:23,10-12,ICU,住院,其他,免疫,5,12:14,12:20,12:28,正常,,8,12:35,12:56,93,90,是,前处理-A线,COAG-01,OP-108
S0803-00159,2026-08-03,周一,16:25,14-17,门诊采血中心,门诊,血清,生化,10,16:50,16:54,17:02,正常,,8,17:09,17:57,92,120,否,前处理-B线,HEM-02,OP-101
S0803-00160,2026-08-03,周一,09:44,07-10 早高峰,门诊采血中心,门诊,血清,血液,6,09:52,09:54,10:21,正常,,27,10:27,10:52,68,120,否,前处理-B线,COAG-01,OP-105
S0803-00161,2026-08-03,周一,17:18,17-20,门诊采血中心,门诊,全血,血液,3,17:39,17:45,17:49,正常,,4,17:53,18:35,77,120,否,前处理-B线,HEM-01,OP-101
S0803-00162,2026-08-03,周一,08:04,07-10 早高峰,儿科门诊采血窗口,门诊,血清,生化,4,08:16,08:19,08:34,正常,,15,08:39,09:26,82,120,否,前处理-手工台,HEM-02,OP-106
S0803-00163,2026-08-03,周一,08:52,07-10 早高峰,消化科病区,住院,尿液,生化,14,09:13,09:18,09:33,正常,,15,09:38,10:20,88,120,否,前处理-A线,HEM-02,OP-101
S0803-00164,2026-08-03,周一,08:34,07-10 早高峰,心内科病区,住院,血清,凝血,6,08:57,08:58,09:23,正常,,25,09:30,10:01,87,120,否,前处理-A线,COAG-01,OP-107
S0803-00165,2026-08-03,周一,15:19,14-17,内分泌科病区,住院,尿液,生化,18,16:13,16:19,16:25,正常,,6,16:33,17:17,118,120,否,前处理-A线,IMM-02,OP-102
S0803-00166,2026-08-03,周一,08:36,07-10 早高峰,肾内科病区,住院,全血,血液,5,09:23,09:26,09:51,正常,,25,09:57,10:28,112,120,否,前处理-A线,MICRO-01,OP-103
S0803-00167,2026-08-03,周一,14:14,14-17,儿科门诊采血窗口,门诊,血清,凝血,4,14:35,14:36,14:43,正常,,7,14:50,15:26,72,120,否,前处理-B线,COAG-01,OP-107
S0803-00168,2026-08-03,周一,09:52,07-10 早高峰,心内科病区,住院,血清,生化,18,10:30,10:33,10:52,正常,,19,10:59,11:40,108,120,否,前处理-手工台,IMM-02,OP-104
S0803-00169,2026-08-03,周一,09:27,07-10 早高峰,门诊采血中心,门诊,血清,生化,1,09:51,09:55,10:25,正常,,30,10:27,10:54,87,120,否,前处理-A线,IMM-01,OP-106
S0803-00170,2026-08-03,周一,14:35,14-17,内分泌科病区,住院,血清,生化,8,14:59,15:00,15:08,正常,,8,15:14,15:34,59,120,否,前处理-手工台,HEM-02,OP-108
S0803-00171,2026-08-03,周一,09:53,07-10 早高峰,门诊采血中心,门诊,全血,免疫,9,10:08,10:10,10:32,正常,,22,10:37,11:29,96,120,否,前处理-手工台,IMM-02,OP-106
S0803-00172,2026-08-03,周一,10:44,10-12,儿科门诊采血窗口,门诊,血清,免疫,2,11:09,11:15,11:22,正常,,7,11:28,11:53,69,120,否,前处理-手工台,IMM-02,OP-107
S0803-00173,2026-08-03,周一,16:08,14-17,心内科病区,住院,全血,免疫,5,16:41,16:45,16:50,正常,,5,16:57,17:44,96,120,否,前处理-B线,HEM-01,OP-106
S0803-00174,2026-08-03,周一,11:01,10-12,儿科门诊采血窗口,门诊,血清,免疫,8,11:17,11:19,11:23,正常,,4,11:26,11:52,51,120,否,前处理-A线,IMM-02,OP-105
S0803-00175,2026-08-03,周一,09:31,07-10 早高峰,门诊采血中心,门诊,血清,免疫,5,09:41,09:47,10:06,正常,,19,10:13,11:02,91,120,否,前处理-B线,HEM-02,OP-106
S0803-00176,2026-08-03,周一,12:35,12-14,心内科病区,住院,全血,微生物,1,12:57,12:59,13:05,正常,,6,13:08,16:16,221,120,是,前处理-手工台,COAG-01,OP-106
S0803-00177,2026-08-03,周一,14:25,14-17,消化科病区,住院,血清,免疫,5,14:51,14:57,15:04,正常,,7,15:12,15:55,90,120,否,前处理-手工台,BIO-01,OP-102
S0803-00178,2026-08-03,周一,16:41,14-17,体检中心,体检,全血,生化,17,17:06,17:09,17:14,正常,,5,17:18,18:11,90,240,否,前处理-手工台,BIO-02,OP-106
S0803-00179,2026-08-03,周一,16:48,14-17,门诊采血中心,门诊,血清,免疫,3,17:10,17:11,17:16,正常,,5,17:20,17:41,53,120,否,前处理-B线,BIO-02,OP-103
S0803-00180,2026-08-03,周一,16:04,14-17,内分泌科病区,住院,血清,生化,5,16:31,16:34,16:40,正常,,6,16:43,17:19,75,120,否,前处理-A线,IMM-02,OP-102
S0803-00181,2026-08-03,周一,07:39,07-10 早高峰,心内科病区,住院,全血,生化,16,08:13,08:15,08:33,正常,,18,08:36,09:28,109,120,否,前处理-A线,BIO-01,OP-101
S0803-00182,2026-08-03,周一,09:07,07-10 早高峰,儿科门诊采血窗口,门诊,血清,凝血,2,09:19,09:24,09:54,正常,,30,10:01,10:30,83,120,否,前处理-B线,HEM-01,OP-107
S0803-00183,2026-08-03,周一,11:54,10-12,呼吸科病区,住院,血清,生化,18,12:46,12:52,12:57,正常,,5,13:00,13:33,99,120,否,前处理-A线,IMM-02,OP-101
S0803-00184,2026-08-03,周一,09:22,07-10 早高峰,门诊采血中心,门诊,全血,免疫,3,09:31,09:37,10:02,正常,,25,10:07,10:36,74,120,否,前处理-手工台,COAG-01,OP-105
S0803-00185,2026-08-03,周一,09:48,07-10 早高峰,体检中心,体检,血清,免疫,12,10:10,10:11,10:37,正常,,26,10:39,11:10,82,240,否,前处理-B线,IMM-01,OP-105
S0803-00186,2026-08-03,周一,14:24,14-17,呼吸科病区,住院,血清,生化,9,14:57,14:58,15:28,报错,溶血,30,15:32,16:19,115,120,否,前处理-手工台,MICRO-01,OP-107
S0803-00187,2026-08-03,周一,16:07,14-17,门诊采血中心,门诊,全血,生化,1,16:32,16:33,16:41,正常,,8,16:49,17:20,73,120,否,前处理-A线,BIO-02,OP-101
S0803-00188,2026-08-03,周一,09:09,07-10 早高峰,儿科门诊采血窗口,门诊,血清,生化,11,09:24,09:27,09:51,正常,,24,09:59,10:36,87,120,否,前处理-A线,HEM-01,OP-108
S0803-00189,2026-08-03,周一,08:55,07-10 早高峰,儿科门诊采血窗口,门诊,血清,生化,16,09:14,09:20,09:56,报错,条码识别失败,36,10:02,10:52,117,120,否,前处理-B线,BIO-01,OP-101
S0803-00190,2026-08-03,周一,08:42,07-10 早高峰,体检中心,体检,全血,生化,14,08:54,08:56,09:16,正常,,20,09:19,09:45,63,240,否,前处理-手工台,BIO-02,OP-101
S0803-00191,2026-08-03,周一,12:31,12-14,心内科病区,住院,血清,生化,9,12:59,13:05,13:10,正常,,5,13:15,13:54,83,120,否,前处理-手工台,HEM-01,OP-102
S0803-00192,2026-08-03,周一,07:01,07-10 早高峰,消化科病区,住院,全血,凝血,1,07:44,07:47,08:04,正常,,17,08:12,09:05,124,120,是,前处理-A线,COAG-01,OP-105
S0803-00193,2026-08-03,周一,08:53,07-10 早高峰,心内科病区,住院,血清,生化,12,09:15,09:17,10:07,报错,样本凝集,50,10:11,10:42,109,120,否,前处理-A线,COAG-01,OP-101
S0803-00194,2026-08-03,周一,10:03,10-12,心内科病区,住院,血清,微生物,4,10:24,10:26,10:36,正常,,10,10:38,13:43,220,120,是,前处理-B线,BIO-01,OP-107
S0803-00195,2026-08-03,周一,09:38,07-10 早高峰,门诊采血中心,门诊,血清,凝血,4,09:50,09:52,10:15,正常,,23,10:18,10:47,69,120,否,前处理-B线,BIO-01,OP-106
S0803-00196,2026-08-03,周一,07:36,07-10 早高峰,内分泌科病区,住院,全血,血液,2,07:56,08:00,08:27,正常,,27,08:33,09:18,102,120,否,前处理-B线,IMM-02,OP-104
S0803-00197,2026-08-03,周一,17:32,17-20,门诊采血中心,门诊,血清,血液,5,17:43,17:49,17:54,正常,,5,18:01,18:25,53,120,否,前处理-手工台,IMM-01,OP-106
S0803-00198,2026-08-03,周一,10:47,10-12,门诊采血中心,门诊,血清,血液,4,10:56,10:57,11:02,正常,,5,11:08,11:47,60,120,否,前处理-手工台,BIO-02,OP-101
S0803-00199,2026-08-03,周一,11:24,10-12,心内科病区,住院,血清,血液,1,11:46,11:49,11:57,正常,,8,12:01,12:32,68,120,否,前处理-A线,HEM-02,OP-103
S0803-00200,2026-08-03,周一,08:20,07-10 早高峰,消化科病区,住院,血清,微生物,2,08:55,08:59,09:29,正常,,30,09:31,12:26,246,120,是,前处理-手工台,IMM-01,OP-104
S0803-00201,2026-08-03,周一,08:45,07-10 早高峰,消化科病区,住院,全血,免疫,18,09:16,09:19,10:19,报错,样本量不足,60,10:21,11:07,142,120,是,前处理-A线,IMM-01,OP-102
S0803-00202,2026-08-03,周一,08:12,07-10 早高峰,急诊采血,急诊,血清,生化,11,08:28,08:31,08:49,正常,,18,08:53,09:19,67,60,是,前处理-手工台,IMM-01,OP-107
S0803-00203,2026-08-03,周一,13:57,12-14,门诊采血中心,门诊,血清,免疫,9,14:19,14:22,14:28,正常,,6,14:36,15:08,71,120,否,前处理-A线,IMM-01,OP-101
S0803-00204,2026-08-03,周一,15:59,14-17,门诊采血中心,门诊,血浆,生化,13,16:24,16:27,16:33,正常,,6,16:37,17:20,81,120,否,前处理-B线,HEM-02,OP-104
S0803-00205,2026-08-03,周一,15:01,14-17,急诊采血,急诊,血清,血液,6,15:24,15:30,15:36,正常,,6,15:40,16:18,77,60,是,前处理-手工台,HEM-02,OP-102
S0803-00206,2026-08-03,周一,11:10,10-12,ICU,住院,全血,免疫,10,11:57,12:03,12:35,报错,样本量不足,32,12:38,13:28,138,90,是,前处理-A线,HEM-02,OP-105
S0803-00207,2026-08-03,周一,12:34,12-14,门诊采血中心,门诊,血清,微生物,6,12:42,12:43,13:19,报错,样本凝集,36,13:25,15:55,201,120,是,前处理-A线,IMM-02,OP-107
S0803-00208,2026-08-03,周一,14:32,14-17,ICU,住院,血清,生化,9,15:04,15:10,15:15,正常,,5,15:23,16:03,91,90,是,前处理-A线,MICRO-01,OP-105
S0803-00209,2026-08-03,周一,12:03,12-14,ICU,住院,血浆,生化,7,12:37,12:40,12:47,正常,,7,12:55,13:34,91,90,是,前处理-A线,BIO-02,OP-105
S0803-00210,2026-08-03,周一,09:39,07-10 早高峰,消化科病区,住院,血清,血液,5,10:10,10:14,10:38,正常,,24,10:46,11:12,93,120,否,前处理-A线,HEM-01,OP-103
S0803-00211,2026-08-03,周一,08:17,07-10 早高峰,儿科门诊采血窗口,门诊,血清,微生物,5,08:31,08:33,08:59,正常,,26,09:02,12:22,245,120,是,前处理-A线,IMM-02,OP-107
S0803-00212,2026-08-03,周一,07:20,07-10 早高峰,门诊采血中心,门诊,血浆,生化,5,07:33,07:35,07:57,正常,,22,07:59,08:49,89,120,否,前处理-A线,BIO-01,OP-108
S0803-00213,2026-08-03,周一,14:26,14-17,呼吸科病区,住院,全血,微生物,5,15:17,15:23,15:28,正常,,5,15:36,20:00,334,120,是,前处理-A线,BIO-02,OP-104
S0803-00214,2026-08-03,周一,14:29,14-17,儿科门诊采血窗口,门诊,血清,免疫,6,14:45,14:49,14:56,正常,,7,15:04,15:26,57,120,否,前处理-A线,COAG-01,OP-104
S0803-00215,2026-08-03,周一,07:36,07-10 早高峰,儿科门诊采血窗口,门诊,尿液,生化,14,07:44,07:50,08:18,报错,样本量不足,28,08:22,09:14,98,120,否,前处理-B线,IMM-01,OP-101
S0803-00216,2026-08-03,周一,08:47,07-10 早高峰,ICU,住院,全血,免疫,9,09:28,09:29,09:56,正常,,27,10:00,10:29,102,90,是,前处理-A线,MICRO-01,OP-103
S0803-00217,2026-08-03,周一,14:56,14-17,急诊采血,急诊,血浆,免疫,6,15:05,15:11,15:18,正常,,7,15:22,16:06,70,60,是,前处理-手工台,COAG-01,OP-101
S0803-00218,2026-08-03,周一,17:10,17-20,体检中心,体检,血清,血液,2,17:19,17:21,17:30,正常,,9,17:33,18:23,73,240,否,前处理-B线,HEM-02,OP-102
S0803-00219,2026-08-03,周一,14:01,14-17,门诊采血中心,门诊,全血,生化,17,14:22,14:27,14:31,正常,,4,14:36,15:07,66,120,否,前处理-B线,HEM-01,OP-106
S0803-00220,2026-08-03,周一,13:00,12-14,急诊采血,急诊,尿液,生化,6,13:22,13:25,13:33,正常,,8,13:38,14:32,92,60,是,前处理-A线,MICRO-01,OP-106
S0803-00221,2026-08-03,周一,18:28,17-20,呼吸科病区,住院,血清,免疫,15,19:12,19:17,19:21,正常,,4,19:27,20:16,108,120,否,前处理-B线,BIO-01,OP-107
S0803-00222,2026-08-03,周一,07:34,07-10 早高峰,急诊采血,急诊,血清,生化,8,07:57,08:03,08:25,正常,,22,08:32,09:07,93,60,是,前处理-手工台,HEM-01,OP-108
S0803-00223,2026-08-03,周一,07:30,07-10 早高峰,儿科门诊采血窗口,门诊,血清,血液,1,07:50,07:54,08:13,正常,,19,08:17,08:38,68,120,否,前处理-A线,HEM-02,OP-105
S0803-00224,2026-08-03,周一,11:13,10-12,急诊采血,急诊,全血,血液,1,11:23,11:28,11:33,正常,,5,11:40,12:13,60,60,否,前处理-A线,HEM-02,OP-105
S0803-00225,2026-08-03,周一,08:44,07-10 早高峰,心内科病区,住院,尿液,生化,16,09:06,09:08,09:31,正常,,23,09:36,10:08,84,120,否,前处理-B线,BIO-02,OP-102
S0803-00226,2026-08-03,周一,07:18,07-10 早高峰,呼吸科病区,住院,全血,生化,8,08:04,08:09,08:37,正常,,28,08:45,09:37,139,120,是,前处理-A线,COAG-01,OP-108
S0803-00227,2026-08-03,周一,18:45,17-20,消化科病区,住院,血清,生化,7,19:09,19:13,19:18,正常,,5,19:22,19:46,61,120,否,前处理-A线,COAG-01,OP-108
S0803-00228,2026-08-03,周一,09:28,07-10 早高峰,门诊采血中心,门诊,血清,免疫,4,09:53,09:58,10:17,正常,,19,10:21,10:54,86,120,否,前处理-A线,BIO-01,OP-106
S0803-00229,2026-08-03,周一,16:58,14-17,呼吸科病区,住院,血清,凝血,1,17:36,17:39,17:47,正常,,8,17:55,18:39,101,120,否,前处理-A线,HEM-02,OP-108
S0803-00230,2026-08-03,周一,15:32,14-17,儿科门诊采血窗口,门诊,血浆,血液,5,15:41,15:42,16:01,报错,条码识别失败,19,16:08,17:03,91,120,否,前处理-B线,HEM-01,OP-107
S0803-00231,2026-08-03,周一,15:27,14-17,门诊采血中心,门诊,全血,生化,16,15:49,15:53,16:01,正常,,8,16:04,16:40,73,120,否,前处理-手工台,HEM-02,OP-108
S0803-00232,2026-08-03,周一,09:46,07-10 早高峰,内分泌科病区,住院,血清,免疫,6,10:12,10:17,10:33,正常,,16,10:37,11:19,93,120,否,前处理-B线,IMM-01,OP-108
S0803-00233,2026-08-03,周一,15:17,14-17,门诊采血中心,门诊,血浆,血液,1,15:38,15:39,15:45,正常,,6,15:48,16:43,86,120,否,前处理-手工台,MICRO-01,OP-103
S0803-00234,2026-08-03,周一,11:37,10-12,体检中心,体检,血清,免疫,14,11:45,11:49,11:53,正常,,4,11:57,12:22,45,240,否,前处理-A线,HEM-01,OP-108
S0803-00235,2026-08-03,周一,13:44,12-14,心内科病区,住院,血清,生化,7,14:15,14:20,14:29,正常,,9,14:32,15:22,98,120,否,前处理-B线,COAG-01,OP-105
S0803-00236,2026-08-03,周一,11:36,10-12,呼吸科病区,住院,全血,免疫,10,12:18,12:19,12:23,正常,,4,12:29,13:13,97,120,否,前处理-手工台,IMM-02,OP-103
S0803-00237,2026-08-03,周一,11:43,10-12,ICU,住院,血清,血液,6,12:10,12:14,12:20,正常,,6,12:28,13:22,99,90,是,前处理-B线,BIO-02,OP-105
S0803-00238,2026-08-03,周一,09:08,07-10 早高峰,门诊采血中心,门诊,血浆,生化,14,09:30,09:33,09:58,正常,,25,10:02,10:24,76,120,否,前处理-B线,COAG-01,OP-108
S0803-00239,2026-08-03,周一,16:30,14-17,内分泌科病区,住院,血清,微生物,4,17:10,17:15,17:21,正常,,6,17:29,21:28,298,120,是,前处理-A线,BIO-02,OP-105
S0803-00240,2026-08-03,周一,09:36,07-10 早高峰,内分泌科病区,住院,血浆,血液,5,10:02,10:05,10:24,正常,,19,10:29,10:55,79,120,否,前处理-手工台,BIO-02,OP-106
S0803-00241,2026-08-03,周一,08:34,07-10 早高峰,门诊采血中心,门诊,全血,生化,18,08:46,08:47,09:02,正常,,15,09:10,09:32,58,120,否,前处理-B线,HEM-02,OP-108
S0803-00242,2026-08-03,周一,14:32,14-17,肾内科病区,住院,血清,血液,2,14:55,15:00,15:05,正常,,5,15:13,15:51,79,120,否,前处理-B线,BIO-01,OP-108
S0803-00243,2026-08-03,周一,16:33,14-17,急诊采血,急诊,血浆,凝血,4,16:48,16:52,16:59,正常,,7,17:03,17:28,55,60,否,前处理-A线,MICRO-01,OP-102
S0803-00244,2026-08-03,周一,10:33,10-12,急诊采血,急诊,血清,生化,11,10:42,10:43,10:50,正常,,7,10:55,11:36,63,60,是,前处理-A线,COAG-01,OP-104
S0803-00245,2026-08-03,周一,09:12,07-10 早高峰,体检中心,体检,血清,生化,15,09:28,09:33,10:03,正常,,30,10:10,10:50,98,240,否,前处理-手工台,COAG-01,OP-105
S0803-00246,2026-08-03,周一,08:30,07-10 早高峰,门诊采血中心,门诊,血清,血液,2,08:50,08:53,09:10,正常,,17,09:13,09:49,79,120,否,前处理-A线,COAG-01,OP-104
S0803-00247,2026-08-03,周一,07:37,07-10 早高峰,消化科病区,住院,血清,微生物,4,08:08,08:09,08:33,正常,,24,08:38,12:46,309,120,是,前处理-手工台,BIO-02,OP-103
S0803-00248,2026-08-03,周一,11:44,10-12,门诊采血中心,门诊,血清,免疫,18,11:54,11:59,12:04,正常,,5,12:10,12:42,58,120,否,前处理-手工台,IMM-02,OP-106
S0803-00249,2026-08-03,周一,09:25,07-10 早高峰,儿科门诊采血窗口,门诊,全血,血液,6,09:49,09:53,10:28,报错,样本量不足,35,10:31,11:12,107,120,否,前处理-手工台,IMM-02,OP-106
S0803-00250,2026-08-03,周一,07:17,07-10 早高峰,门诊采血中心,门诊,血清,生化,10,07:41,07:44,08:42,报错,样本量不足,58,08:44,09:12,115,120,否,前处理-手工台,MICRO-01,OP-108
S0803-00251,2026-08-03,周一,11:45,10-12,心内科病区,住院,尿液,凝血,5,12:10,12:16,12:21,正常,,5,12:29,13:07,82,120,否,前处理-A线,IMM-02,OP-104
S0803-00252,2026-08-03,周一,07:00,07-10 早高峰,消化科病区,住院,血清,生化,11,07:38,07:40,08:05,正常,,25,08:07,08:39,99,120,否,前处理-B线,IMM-01,OP-102
S0803-00253,2026-08-03,周一,07:17,07-10 早高峰,体检中心,体检,血清,免疫,18,07:37,07:39,08:10,正常,,31,08:16,08:37,80,240,否,前处理-B线,HEM-02,OP-104
S0803-00254,2026-08-03,周一,10:12,10-12,门诊采血中心,门诊,全血,血液,2,10:35,10:38,10:48,正常,,10,10:51,11:30,78,120,否,前处理-B线,BIO-01,OP-102
S0803-00255,2026-08-03,周一,08:29,07-10 早高峰,门诊采血中心,门诊,血清,生化,8,08:49,08:50,09:20,正常,,30,09:28,10:03,94,120,否,前处理-B线,HEM-01,OP-101
S0803-00256,2026-08-03,周一,16:41,14-17,ICU,住院,血清,微生物,6,17:07,17:08,17:14,正常,,6,17:19,21:37,296,90,是,前处理-A线,IMM-01,OP-103
S0803-00257,2026-08-03,周一,10:44,10-12,门诊采血中心,门诊,血清,生化,17,10:58,11:00,11:05,正常,,5,11:12,11:47,63,120,否,前处理-B线,HEM-01,OP-106
S0803-00258,2026-08-03,周一,11:21,10-12,急诊采血,急诊,血清,凝血,6,11:40,11:43,11:52,正常,,9,11:57,12:52,91,60,是,前处理-B线,HEM-02,OP-106
S0803-00259,2026-08-03,周一,08:04,07-10 早高峰,体检中心,体检,血清,生化,17,08:29,08:35,08:55,正常,,20,09:01,09:54,110,240,否,前处理-A线,COAG-01,OP-103
S0803-00260,2026-08-03,周一,19:33,17-20,门诊采血中心,门诊,血清,生化,13,19:49,19:52,19:59,正常,,7,20:01,20:42,69,120,否,前处理-A线,MICRO-01,OP-103
S0803-00261,2026-08-03,周一,07:42,07-10 早高峰,体检中心,体检,尿液,生化,12,08:06,08:08,08:33,正常,,25,08:36,09:01,79,240,否,前处理-手工台,HEM-02,OP-104
S0803-00262,2026-08-03,周一,08:29,07-10 早高峰,儿科门诊采血窗口,门诊,血浆,免疫,1,08:47,08:50,09:34,报错,样本量不足,44,09:42,10:22,113,120,否,前处理-B线,HEM-02,OP-102
S0803-00263,2026-08-03,周一,11:38,10-12,呼吸科病区,住院,血清,生化,1,12:19,12:20,12:26,正常,,6,12:34,13:25,107,120,否,前处理-A线,BIO-01,OP-107
S0803-00264,2026-08-03,周一,08:33,07-10 早高峰,ICU,住院,血清,血液,1,09:13,09:16,09:41,正常,,25,09:44,10:39,126,90,是,前处理-A线,BIO-01,OP-104
S0803-00265,2026-08-03,周一,19:53,17-20,儿科门诊采血窗口,门诊,血清,生化,5,20:07,20:13,20:21,正常,,8,20:29,21:21,88,120,否,前处理-手工台,HEM-02,OP-103
S0803-00266,2026-08-03,周一,09:06,07-10 早高峰,门诊采血中心,门诊,血清,生化,9,09:28,09:29,09:48,正常,,19,09:51,10:17,71,120,否,前处理-A线,COAG-01,OP-108
S0803-00267,2026-08-03,周一,14:31,14-17,急诊采血,急诊,血清,免疫,5,14:54,14:56,15:04,正常,,8,15:12,15:35,64,60,是,前处理-A线,BIO-02,OP-102
S0803-00268,2026-08-03,周一,09:08,07-10 早高峰,呼吸科病区,住院,全血,生化,6,10:00,10:06,10:26,正常,,20,10:32,11:08,120,120,否,前处理-B线,IMM-01,OP-104
S0803-00269,2026-08-03,周一,09:17,07-10 早高峰,儿科门诊采血窗口,门诊,其他,生化,7,09:31,09:35,10:01,正常,,26,10:07,10:35,78,120,否,前处理-手工台,BIO-02,OP-108
S0803-00270,2026-08-03,周一,18:10,17-20,急诊采血,急诊,血清,生化,15,18:22,18:23,18:31,正常,,8,18:34,19:15,65,60,是,前处理-手工台,IMM-02,OP-105
S0803-00271,2026-08-03,周一,16:44,14-17,消化科病区,住院,血清,微生物,5,17:24,17:26,17:31,正常,,5,17:38,22:28,344,120,是,前处理-B线,IMM-01,OP-103
S0804-00272,2026-08-04,周二,14:59,14-17,儿科门诊采血窗口,门诊,尿液,血液,6,15:14,15:20,15:24,正常,,4,15:30,16:17,78,120,否,前处理-手工台,BIO-02,OP-107
S0804-00273,2026-08-04,周二,19:26,17-20,体检中心,体检,全血,微生物,1,19:37,19:42,19:52,正常,,10,19:56,00:07,281,240,是,前处理-手工台,COAG-01,OP-105
S0804-00274,2026-08-04,周二,10:56,10-12,呼吸科病区,住院,血清,生化,6,11:23,11:29,11:39,正常,,10,11:41,12:34,98,120,否,前处理-B线,IMM-01,OP-107
S0804-00275,2026-08-04,周二,19:21,17-20,体检中心,体检,尿液,免疫,10,19:29,19:32,19:42,正常,,10,19:46,20:24,63,240,否,前处理-B线,MICRO-01,OP-107
S0804-00276,2026-08-04,周二,07:59,07-10 早高峰,体检中心,体检,血清,生化,9,08:22,08:24,08:49,正常,,25,08:55,09:46,107,240,否,前处理-手工台,IMM-02,OP-106
S0804-00277,2026-08-04,周二,09:21,07-10 早高峰,儿科门诊采血窗口,门诊,全血,生化,18,09:35,09:39,10:11,正常,,32,10:19,11:12,111,120,否,前处理-A线,BIO-01,OP-103
S0804-00278,2026-08-04,周二,09:58,07-10 早高峰,体检中心,体检,血清,微生物,6,10:23,10:29,10:44,正常,,15,10:46,15:20,322,240,是,前处理-手工台,BIO-02,OP-107
S0804-00279,2026-08-04,周二,10:52,10-12,呼吸科病区,住院,血清,生化,15,11:40,11:45,11:52,正常,,7,11:59,12:28,96,120,否,前处理-B线,IMM-02,OP-106
S0804-00280,2026-08-04,周二,08:24,07-10 早高峰,消化科病区,住院,血清,凝血,3,09:00,09:06,09:30,正常,,24,09:35,10:00,96,120,否,前处理-手工台,BIO-02,OP-106
S0804-00281,2026-08-04,周二,15:18,14-17,门诊采血中心,门诊,血清,血液,1,15:28,15:33,15:38,正常,,5,15:45,16:33,75,120,否,前处理-B线,HEM-01,OP-107
S0804-00282,2026-08-04,周二,13:56,12-14,门诊采血中心,门诊,全血,生化,8,14:18,14:20,14:28,正常,,8,14:36,15:31,95,120,否,前处理-A线,HEM-02,OP-104
S0804-00283,2026-08-04,周二,11:04,10-12,肾内科病区,住院,尿液,生化,3,11:43,11:47,11:52,正常,,5,11:57,12:52,108,120,否,前处理-手工台,COAG-01,OP-108
S0804-00284,2026-08-04,周二,19:27,17-20,消化科病区,住院,血清,血液,4,19:54,20:00,20:10,正常,,10,20:14,20:36,69,120,否,前处理-B线,HEM-02,OP-106
S0804-00285,2026-08-04,周二,12:59,12-14,门诊采血中心,门诊,血清,免疫,5,13:13,13:18,13:28,正常,,10,13:32,13:59,60,120,否,前处理-B线,BIO-01,OP-102
S0804-00286,2026-08-04,周二,08:45,07-10 早高峰,呼吸科病区,住院,血清,血液,1,09:40,09:41,09:59,正常,,18,10:01,10:48,123,120,是,前处理-手工台,MICRO-01,OP-104
S0804-00287,2026-08-04,周二,07:59,07-10 早高峰,内分泌科病区,住院,血清,血液,5,08:35,08:38,09:05,正常,,27,09:09,09:46,107,120,否,前处理-手工台,IMM-02,OP-106
S0804-00288,2026-08-04,周二,15:58,14-17,儿科门诊采血窗口,门诊,血清,生化,12,16:22,16:25,16:51,报错,溶血,26,16:55,17:15,77,120,否,前处理-A线,HEM-02,OP-101
S0804-00289,2026-08-04,周二,18:53,17-20,儿科门诊采血窗口,门诊,血清,生化,11,19:18,19:20,19:28,正常,,8,19:32,20:19,86,120,否,前处理-B线,COAG-01,OP-106
S0804-00290,2026-08-04,周二,11:15,10-12,门诊采血中心,门诊,全血,生化,9,11:33,11:35,11:41,正常,,6,11:47,12:22,67,120,否,前处理-A线,IMM-01,OP-101
S0804-00291,2026-08-04,周二,08:17,07-10 早高峰,内分泌科病区,住院,血清,凝血,5,09:03,09:04,09:31,正常,,27,09:37,10:18,121,120,是,前处理-手工台,COAG-01,OP-108
S0804-00292,2026-08-04,周二,13:02,12-14,儿科门诊采血窗口,门诊,血清,生化,8,13:14,13:15,13:22,正常,,7,13:29,14:10,68,120,否,前处理-A线,COAG-01,OP-105
S0804-00293,2026-08-04,周二,11:58,10-12,门诊采血中心,门诊,血清,凝血,2,12:11,12:12,12:16,正常,,4,12:22,12:52,54,120,否,前处理-B线,COAG-01,OP-107
S0804-00294,2026-08-04,周二,11:01,10-12,急诊采血,急诊,血浆,生化,17,11:19,11:25,11:35,正常,,10,11:38,12:10,69,60,是,前处理-A线,COAG-01,OP-105
S0804-00295,2026-08-04,周二,08:20,07-10 早高峰,门诊采血中心,门诊,血清,生化,16,08:43,08:46,09:11,正常,,25,09:14,09:45,85,120,否,前处理-手工台,HEM-01,OP-108
S0804-00296,2026-08-04,周二,07:57,07-10 早高峰,ICU,住院,血清,免疫,3,08:29,08:30,08:46,正常,,16,08:50,09:29,92,90,是,前处理-B线,IMM-02,OP-105
S0804-00297,2026-08-04,周二,09:33,07-10 早高峰,心内科病区,住院,血清,生化,9,10:14,10:19,10:43,正常,,24,10:46,11:13,100,120,否,前处理-A线,MICRO-01,OP-102
S0804-00298,2026-08-04,周二,09:16,07-10 早高峰,肾内科病区,住院,血浆,微生物,1,09:44,09:48,10:02,正常,,14,10:09,14:57,341,120,是,前处理-B线,BIO-02,OP-102
S0804-00299,2026-08-04,周二,10:50,10-12,消化科病区,住院,血清,生化,6,11:34,11:37,11:45,正常,,8,11:48,12:34,104,120,否,前处理-B线,IMM-02,OP-103
S0804-00300,2026-08-04,周二,07:12,07-10 早高峰,内分泌科病区,住院,血清,生化,9,07:46,07:49,08:18,正常,,29,08:22,08:59,107,120,否,前处理-手工台,IMM-01,OP-101
S0804-00301,2026-08-04,周二,07:26,07-10 早高峰,儿科门诊采血窗口,门诊,血清,微生物,5,07:37,07:41,08:07,正常,,26,08:12,10:59,213,120,是,前处理-手工台,IMM-02,OP-107
S0804-00302,2026-08-04,周二,07:10,07-10 早高峰,消化科病区,住院,血清,血液,6,07:30,07:32,08:02,正常,,30,08:05,08:50,100,120,否,前处理-A线,HEM-01,OP-104
S0804-00303,2026-08-04,周二,14:30,14-17,呼吸科病区,住院,血清,生化,18,15:09,15:12,15:20,正常,,8,15:24,16:16,106,120,否,前处理-手工台,HEM-01,OP-107
S0804-00304,2026-08-04,周二,11:44,10-12,消化科病区,住院,血清,生化,11,12:22,12:26,12:34,正常,,8,12:42,13:06,82,120,否,前处理-手工台,IMM-02,OP-104
S0804-00305,2026-08-04,周二,14:25,14-17,内分泌科病区,住院,全血,生化,9,15:09,15:15,15:20,正常,,5,15:23,16:17,112,120,否,前处理-A线,COAG-01,OP-107
S0804-00306,2026-08-04,周二,07:49,07-10 早高峰,内分泌科病区,住院,血清,免疫,16,08:39,08:40,09:04,正常,,24,09:07,09:58,129,120,是,前处理-手工台,IMM-01,OP-108
S0804-00307,2026-08-04,周二,11:00,10-12,门诊采血中心,门诊,全血,血液,1,11:21,11:24,11:29,正常,,5,11:32,11:52,52,120,否,前处理-A线,IMM-01,OP-107
S0804-00308,2026-08-04,周二,11:08,10-12,ICU,住院,全血,血液,6,11:40,11:42,11:46,正常,,4,11:48,12:12,64,90,否,前处理-手工台,IMM-02,OP-106
S0804-00309,2026-08-04,周二,12:47,12-14,体检中心,体检,全血,血液,6,13:04,13:07,13:15,正常,,8,13:22,13:48,61,240,否,前处理-B线,HEM-02,OP-102
S0804-00310,2026-08-04,周二,19:04,17-20,急诊采血,急诊,血浆,血液,4,19:16,19:22,19:28,正常,,6,19:36,20:18,74,60,是,前处理-A线,IMM-02,OP-106
S0804-00311,2026-08-04,周二,08:46,07-10 早高峰,门诊采血中心,门诊,全血,血液,6,09:06,09:07,09:23,正常,,16,09:25,10:18,92,120,否,前处理-B线,IMM-01,OP-107
S0804-00312,2026-08-04,周二,12:34,12-14,体检中心,体检,血清,凝血,4,12:58,13:04,13:14,正常,,10,13:21,13:53,79,240,否,前处理-A线,BIO-01,OP-102
S0804-00313,2026-08-04,周二,09:55,07-10 早高峰,门诊采血中心,门诊,血清,免疫,12,10:09,10:11,10:29,正常,,18,10:37,11:27,92,120,否,前处理-手工台,IMM-01,OP-106
S0804-00314,2026-08-04,周二,17:37,17-20,门诊采血中心,门诊,血浆,微生物,3,17:50,17:54,17:59,正常,,5,18:01,22:49,312,120,是,前处理-B线,IMM-02,OP-107
S0804-00315,2026-08-04,周二,15:49,14-17,ICU,住院,全血,生化,17,16:19,16:21,16:27,正常,,6,16:32,17:26,97,90,是,前处理-A线,MICRO-01,OP-105
S0804-00316,2026-08-04,周二,08:39,07-10 早高峰,消化科病区,住院,血清,免疫,10,09:12,09:16,09:41,正常,,25,09:48,10:36,117,120,否,前处理-B线,IMM-02,OP-103
S0804-00317,2026-08-04,周二,07:32,07-10 早高峰,门诊采血中心,门诊,血清,凝血,6,07:55,07:59,08:16,正常,,17,08:18,08:40,68,120,否,前处理-手工台,BIO-01,OP-107
S0804-00318,2026-08-04,周二,07:22,07-10 早高峰,门诊采血中心,门诊,血清,血液,5,07:38,07:43,07:57,正常,,14,08:02,08:42,80,120,否,前处理-A线,MICRO-01,OP-103
S0804-00319,2026-08-04,周二,08:55,07-10 早高峰,门诊采血中心,门诊,血清,凝血,2,09:10,09:16,09:44,正常,,28,09:47,10:21,86,120,否,前处理-B线,IMM-02,OP-106
S0804-00320,2026-08-04,周二,11:32,10-12,心内科病区,住院,血清,血液,1,12:17,12:23,12:33,正常,,10,12:38,13:20,108,120,否,前处理-A线,BIO-01,OP-105
S0804-00321,2026-08-04,周二,08:54,07-10 早高峰,门诊采血中心,门诊,血清,血液,6,09:07,09:09,09:32,正常,,23,09:39,10:05,71,120,否,前处理-A线,BIO-01,OP-108
S0804-00322,2026-08-04,周二,10:07,10-12,急诊采血,急诊,血清,免疫,6,10:22,10:24,10:34,正常,,10,10:39,11:07,60,60,否,前处理-A线,MICRO-01,OP-104
S0804-00323,2026-08-04,周二,08:52,07-10 早高峰,急诊采血,急诊,全血,血液,5,09:17,09:18,09:38,正常,,20,09:42,10:37,105,60,是,前处理-A线,BIO-01,OP-108
S0804-00324,2026-08-04,周二,11:58,10-12,急诊采血,急诊,血浆,血液,3,12:12,12:13,12:18,正常,,5,12:25,12:56,58,60,否,前处理-手工台,HEM-01,OP-103
S0804-00325,2026-08-04,周二,07:39,07-10 早高峰,消化科病区,住院,血清,生化,14,08:19,08:21,08:50,正常,,29,08:54,09:33,114,120,否,前处理-B线,BIO-01,OP-107
S0804-00326,2026-08-04,周二,14:00,14-17,心内科病区,住院,尿液,凝血,3,14:46,14:50,14:58,正常,,8,15:01,15:37,97,120,否,前处理-手工台,HEM-01,OP-101
S0804-00327,2026-08-04,周二,09:01,07-10 早高峰,肾内科病区,住院,全血,凝血,3,09:31,09:37,10:17,报错,离心异常,40,10:24,10:48,107,120,否,前处理-A线,MICRO-01,OP-101
S0804-00328,2026-08-04,周二,10:18,10-12,儿科门诊采血窗口,门诊,血清,血液,6,10:41,10:45,10:49,正常,,4,10:54,11:31,73,120,否,前处理-B线,COAG-01,OP-103
S0804-00329,2026-08-04,周二,10:01,10-12,门诊采血中心,门诊,尿液,生化,14,10:11,10:17,10:22,正常,,5,10:28,10:53,52,120,否,前处理-手工台,COAG-01,OP-103
S0804-00330,2026-08-04,周二,10:16,10-12,急诊采血,急诊,血清,生化,12,10:33,10:36,11:15,报错,样本量不足,39,11:23,11:56,100,60,是,前处理-手工台,COAG-01,OP-107
S0804-00331,2026-08-04,周二,09:53,07-10 早高峰,门诊采血中心,门诊,血清,免疫,17,10:04,10:09,10:32,正常,,23,10:39,11:20,87,120,否,前处理-手工台,HEM-02,OP-104
S0804-00332,2026-08-04,周二,11:17,10-12,急诊采血,急诊,全血,免疫,17,11:33,11:36,11:42,正常,,6,11:49,12:41,84,60,是,前处理-B线,BIO-02,OP-102
S0804-00333,2026-08-04,周二,10:23,10-12,内分泌科病区,住院,血清,生化,6,10:46,10:48,10:56,正常,,8,11:00,11:37,74,120,否,前处理-手工台,HEM-01,OP-107
S0804-00334,2026-08-04,周二,11:01,10-12,肾内科病区,住院,全血,免疫,9,11:56,12:02,12:33,报错,离心异常,31,12:35,13:28,147,120,是,前处理-B线,HEM-01,OP-103
S0804-00335,2026-08-04,周二,07:16,07-10 早高峰,门诊采血中心,门诊,血清,免疫,8,07:29,07:30,08:02,正常,,32,08:09,08:30,74,120,否,前处理-A线,BIO-01,OP-108
S0804-00336,2026-08-04,周二,15:07,14-17,内分泌科病区,住院,全血,免疫,18,15:37,15:43,16:15,报错,样本凝集,32,16:17,16:42,95,120,否,前处理-手工台,IMM-02,OP-105
S0804-00337,2026-08-04,周二,16:19,14-17,肾内科病区,住院,血清,生化,6,17:14,17:16,17:21,正常,,5,17:27,17:57,98,120,否,前处理-B线,BIO-02,OP-105
S0804-00338,2026-08-04,周二,15:43,14-17,消化科病区,住院,血浆,血液,6,16:25,16:31,16:41,正常,,10,16:44,17:15,92,120,否,前处理-手工台,MICRO-01,OP-107
S0804-00339,2026-08-04,周二,07:42,07-10 早高峰,门诊采血中心,门诊,血清,微生物,6,08:07,08:13,08:37,正常,,24,08:45,12:17,275,120,是,前处理-A线,BIO-01,OP-108
S0804-00340,2026-08-04,周二,08:39,07-10 早高峰,心内科病区,住院,血清,微生物,6,09:14,09:20,09:42,正常,,22,09:46,13:47,308,120,是,前处理-手工台,HEM-02,OP-103
S0804-00341,2026-08-04,周二,09:40,07-10 早高峰,ICU,住院,血清,微生物,1,10:20,10:26,10:46,正常,,20,10:53,14:26,286,90,是,前处理-B线,MICRO-01,OP-102
S0804-00342,2026-08-04,周二,07:25,07-10 早高峰,门诊采血中心,门诊,全血,血液,3,07:40,07:41,08:06,正常,,25,08:12,09:07,102,120,否,前处理-B线,HEM-01,OP-107
S0804-00343,2026-08-04,周二,13:25,12-14,消化科病区,住院,全血,凝血,5,14:05,14:07,14:13,正常,,6,14:17,15:07,102,120,否,前处理-B线,BIO-02,OP-107
S0804-00344,2026-08-04,周二,16:11,14-17,门诊采血中心,门诊,血浆,免疫,14,16:27,16:30,16:40,正常,,10,16:45,17:28,77,120,否,前处理-手工台,IMM-02,OP-106
S0804-00345,2026-08-04,周二,18:23,17-20,消化科病区,住院,血清,凝血,6,18:43,18:46,18:54,正常,,8,18:57,19:42,79,120,否,前处理-手工台,BIO-01,OP-102
S0804-00346,2026-08-04,周二,16:29,14-17,门诊采血中心,门诊,全血,微生物,6,16:41,16:42,16:52,正常,,10,17:00,20:47,258,120,是,前处理-手工台,IMM-01,OP-105
S0804-00347,2026-08-04,周二,08:07,07-10 早高峰,心内科病区,住院,血清,凝血,3,08:41,08:43,09:03,正常,,20,09:11,09:32,85,120,否,前处理-A线,HEM-01,OP-104
S0804-00348,2026-08-04,周二,19:24,17-20,门诊采血中心,门诊,血清,微生物,3,19:44,19:50,20:00,正常,,10,20:04,00:30,306,120,是,前处理-手工台,COAG-01,OP-102
S0804-00349,2026-08-04,周二,09:39,07-10 早高峰,门诊采血中心,门诊,血清,微生物,2,09:54,09:55,10:15,正常,,20,10:22,15:17,338,120,是,前处理-A线,IMM-01,OP-108
S0804-00350,2026-08-04,周二,07:00,07-10 早高峰,门诊采血中心,门诊,血清,免疫,17,07:13,07:14,07:41,正常,,27,07:43,08:37,97,120,否,前处理-手工台,HEM-01,OP-108
S0804-00351,2026-08-04,周二,15:44,14-17,呼吸科病区,住院,血清,血液,3,16:24,16:27,16:31,正常,,4,16:39,17:01,77,120,否,前处理-B线,COAG-01,OP-101
S0804-00352,2026-08-04,周二,15:55,14-17,消化科病区,住院,全血,血液,3,16:39,16:40,16:47,正常,,7,16:50,17:39,104,120,否,前处理-A线,IMM-01,OP-101
S0804-00353,2026-08-04,周二,10:45,10-12,消化科病区,住院,血清,免疫,16,11:38,11:42,11:50,正常,,8,11:58,12:34,109,120,否,前处理-A线,IMM-01,OP-107
S0804-00354,2026-08-04,周二,09:56,07-10 早高峰,门诊采血中心,门诊,血清,生化,2,10:12,10:16,10:46,正常,,30,10:48,11:24,88,120,否,前处理-A线,HEM-02,OP-107
S0804-00355,2026-08-04,周二,14:52,14-17,门诊采血中心,门诊,全血,免疫,5,15:07,15:10,15:18,正常,,8,15:25,15:58,66,120,否,前处理-B线,BIO-02,OP-108
S0804-00356,2026-08-04,周二,10:05,10-12,消化科病区,住院,血清,免疫,12,10:36,10:42,10:46,正常,,4,10:49,11:33,88,120,否,前处理-手工台,IMM-02,OP-107
S0804-00357,2026-08-04,周二,10:00,10-12,体检中心,体检,血清,血液,3,10:14,10:17,10:23,正常,,6,10:27,11:13,73,240,否,前处理-手工台,HEM-02,OP-104
S0804-00358,2026-08-04,周二,16:16,14-17,急诊采血,急诊,血清,生化,3,16:36,16:37,16:46,正常,,9,16:51,17:41,85,60,是,前处理-B线,HEM-01,OP-103
S0804-00359,2026-08-04,周二,10:53,10-12,门诊采血中心,门诊,全血,免疫,9,11:07,11:08,11:15,正常,,7,11:21,11:41,48,120,否,前处理-A线,MICRO-01,OP-103
S0804-00360,2026-08-04,周二,07:19,07-10 早高峰,呼吸科病区,住院,全血,血液,4,07:41,07:45,08:01,正常,,16,08:05,08:52,93,120,否,前处理-手工台,HEM-02,OP-103
S0804-00361,2026-08-04,周二,11:18,10-12,门诊采血中心,门诊,血清,生化,13,11:43,11:44,11:53,正常,,9,11:57,12:21,63,120,否,前处理-手工台,IMM-01,OP-105
S0804-00362,2026-08-04,周二,10:33,10-12,消化科病区,住院,血浆,免疫,2,10:56,11:01,11:08,正常,,7,11:15,11:48,75,120,否,前处理-手工台,COAG-01,OP-104
S0804-00363,2026-08-04,周二,07:34,07-10 早高峰,肾内科病区,住院,血清,凝血,6,08:15,08:18,08:37,正常,,19,08:45,09:08,94,120,否,前处理-手工台,HEM-01,OP-101
S0804-00364,2026-08-04,周二,19:33,17-20,体检中心,体检,全血,生化,16,19:49,19:54,20:01,正常,,7,20:08,21:02,89,240,否,前处理-手工台,IMM-01,OP-106
S0804-00365,2026-08-04,周二,10:51,10-12,门诊采血中心,门诊,尿液,微生物,3,11:06,11:07,11:32,报错,样本凝集,25,11:36,15:13,262,120,是,前处理-A线,IMM-02,OP-107
S0804-00366,2026-08-04,周二,17:48,17-20,内分泌科病区,住院,尿液,血液,2,18:17,18:19,18:27,正常,,8,18:30,19:16,88,120,否,前处理-A线,BIO-02,OP-108
S0804-00367,2026-08-04,周二,07:26,07-10 早高峰,门诊采血中心,门诊,血浆,生化,7,07:51,07:54,08:12,正常,,18,08:20,08:43,77,120,否,前处理-B线,BIO-02,OP-102
S0804-00368,2026-08-04,周二,07:49,07-10 早高峰,门诊采血中心,门诊,血清,血液,3,08:00,08:05,08:35,正常,,30,08:43,09:36,107,120,否,前处理-A线,BIO-02,OP-102
S0804-00369,2026-08-04,周二,09:44,07-10 早高峰,心内科病区,住院,血清,凝血,1,10:06,10:07,10:22,正常,,15,10:25,10:48,64,120,否,前处理-手工台,BIO-01,OP-103
S0804-00370,2026-08-04,周二,07:14,07-10 早高峰,心内科病区,住院,血清,免疫,2,07:45,07:51,08:08,正常,,17,08:14,08:50,96,120,否,前处理-B线,BIO-01,OP-108
S0804-00371,2026-08-04,周二,10:08,10-12,门诊采血中心,门诊,全血,免疫,9,10:16,10:18,10:23,正常,,5,10:26,10:50,42,120,否,前处理-A线,BIO-02,OP-108
S0804-00372,2026-08-04,周二,10:32,10-12,门诊采血中心,门诊,全血,免疫,14,10:53,10:59,11:09,正常,,10,11:16,11:37,65,120,否,前处理-A线,MICRO-01,OP-104
S0804-00373,2026-08-04,周二,10:15,10-12,呼吸科病区,住院,血清,生化,4,11:06,11:07,11:14,正常,,7,11:18,11:49,94,120,否,前处理-A线,IMM-01,OP-107
S0804-00374,2026-08-04,周二,10:31,10-12,肾内科病区,住院,血清,免疫,17,11:02,11:08,11:16,正常,,8,11:21,11:45,74,120,否,前处理-手工台,MICRO-01,OP-108
S0804-00375,2026-08-04,周二,14:35,14-17,心内科病区,住院,血清,生化,10,14:56,15:02,15:11,正常,,9,15:13,15:52,77,120,否,前处理-手工台,IMM-01,OP-105
S0804-00376,2026-08-04,周二,11:45,10-12,门诊采血中心,门诊,血清,生化,1,12:02,12:07,12:14,正常,,7,12:16,12:42,57,120,否,前处理-手工台,MICRO-01,OP-104
S0804-00377,2026-08-04,周二,13:03,12-14,门诊采血中心,门诊,全血,生化,12,13:11,13:15,13:24,正常,,9,13:30,14:01,58,120,否,前处理-A线,IMM-02,OP-103
S0804-00378,2026-08-04,周二,08:48,07-10 早高峰,内分泌科病区,住院,全血,血液,6,09:29,09:34,09:49,正常,,15,09:52,10:36,108,120,否,前处理-手工台,MICRO-01,OP-108
S0804-00379,2026-08-04,周二,15:29,14-17,消化科病区,住院,其他,生化,4,16:15,16:21,16:25,正常,,4,16:29,16:59,90,120,否,前处理-B线,IMM-02,OP-107
S0804-00380,2026-08-04,周二,07:35,07-10 早高峰,门诊采血中心,门诊,全血,血液,6,07:59,08:03,08:31,正常,,28,08:39,09:20,105,120,否,前处理-A线,IMM-02,OP-106
S0804-00381,2026-08-04,周二,14:02,14-17,呼吸科病区,住院,血清,凝血,1,14:46,14:51,14:56,正常,,5,15:03,15:52,110,120,否,前处理-A线,HEM-02,OP-106
S0804-00382,2026-08-04,周二,17:35,17-20,肾内科病区,住院,血清,生化,10,18:22,18:26,18:34,正常,,8,18:41,19:06,91,120,否,前处理-B线,IMM-02,OP-104
S0804-00383,2026-08-04,周二,13:48,12-14,门诊采血中心,门诊,血清,凝血,2,13:57,14:03,14:10,正常,,7,14:15,14:51,63,120,否,前处理-手工台,COAG-01,OP-104
S0804-00384,2026-08-04,周二,08:39,07-10 早高峰,呼吸科病区,住院,其他,微生物,1,09:29,09:34,09:51,正常,,17,09:53,13:05,266,120,是,前处理-A线,HEM-01,OP-106
S0804-00385,2026-08-04,周二,08:55,07-10 早高峰,门诊采血中心,门诊,血清,免疫,11,09:13,09:14,09:40,正常,,26,09:43,10:17,82,120,否,前处理-手工台,COAG-01,OP-105
S0804-00386,2026-08-04,周二,09:42,07-10 早高峰,急诊采血,急诊,血清,凝血,6,10:01,10:06,10:29,正常,,23,10:34,11:09,87,60,是,前处理-B线,HEM-02,OP-101
S0804-00387,2026-08-04,周二,15:23,14-17,肾内科病区,住院,血清,血液,4,15:45,15:50,15:57,正常,,7,16:03,16:50,87,120,否,前处理-B线,BIO-01,OP-102
S0804-00388,2026-08-04,周二,15:36,14-17,儿科门诊采血窗口,门诊,血浆,微生物,3,15:52,15:56,16:32,报错,样本量不足,36,16:35,18:57,201,120,是,前处理-A线,MICRO-01,OP-102
S0804-00389,2026-08-04,周二,08:10,07-10 早高峰,门诊采血中心,门诊,血清,血液,5,08:33,08:38,08:53,正常,,15,09:00,09:36,86,120,否,前处理-A线,COAG-01,OP-107
S0804-00390,2026-08-04,周二,13:58,12-14,门诊采血中心,门诊,全血,生化,18,14:14,14:20,14:30,正常,,10,14:37,15:01,63,120,否,前处理-A线,BIO-01,OP-102
S0804-00391,2026-08-04,周二,15:17,14-17,门诊采血中心,门诊,血清,凝血,1,15:33,15:34,16:01,报错,条码识别失败,27,16:03,16:25,68,120,否,前处理-手工台,BIO-02,OP-106
S0804-00392,2026-08-04,周二,14:54,14-17,门诊采血中心,门诊,血浆,免疫,11,15:12,15:16,15:23,正常,,7,15:28,15:50,56,120,否,前处理-手工台,BIO-01,OP-103
S0804-00393,2026-08-04,周二,15:05,14-17,ICU,住院,血浆,生化,10,15:51,15:57,16:06,正常,,9,16:14,16:49,104,90,是,前处理-手工台,HEM-01,OP-102
S0804-00394,2026-08-04,周二,14:11,14-17,门诊采血中心,门诊,血清,血液,3,14:22,14:25,14:32,正常,,7,14:38,15:20,69,120,否,前处理-B线,IMM-02,OP-102
S0804-00395,2026-08-04,周二,18:46,17-20,门诊采血中心,门诊,血清,凝血,5,18:59,19:02,19:10,正常,,8,19:13,20:08,82,120,否,前处理-手工台,MICRO-01,OP-108
S0804-00396,2026-08-04,周二,09:24,07-10 早高峰,儿科门诊采血窗口,门诊,血清,生化,5,09:45,09:46,10:17,报错,条码识别失败,31,10:25,11:19,115,120,否,前处理-A线,IMM-01,OP-108
S0804-00397,2026-08-04,周二,10:39,10-12,体检中心,体检,其他,生化,11,10:59,11:05,11:09,正常,,4,11:16,11:47,68,240,否,前处理-A线,MICRO-01,OP-106
S0804-00398,2026-08-04,周二,07:37,07-10 早高峰,ICU,住院,血清,生化,12,08:11,08:16,08:43,正常,,27,08:48,09:16,99,90,是,前处理-手工台,HEM-02,OP-105
S0804-00399,2026-08-04,周二,09:39,07-10 早高峰,门诊采血中心,门诊,全血,生化,5,09:52,09:56,10:17,正常,,21,10:21,11:14,95,120,否,前处理-手工台,BIO-01,OP-105
S0804-00400,2026-08-04,周二,10:42,10-12,门诊采血中心,门诊,全血,血液,2,11:07,11:11,11:18,正常,,7,11:22,11:44,62,120,否,前处理-B线,IMM-01,OP-101
S0804-00401,2026-08-04,周二,07:40,07-10 早高峰,门诊采血中心,门诊,血清,生化,9,08:01,08:02,08:30,正常,,28,08:36,09:12,92,120,否,前处理-A线,HEM-01,OP-101
S0804-00402,2026-08-04,周二,13:09,12-14,门诊采血中心,门诊,血清,微生物,6,13:33,13:37,13:44,正常,,7,13:46,16:39,210,120,是,前处理-A线,HEM-01,OP-106
S0804-00403,2026-08-04,周二,15:11,14-17,门诊采血中心,门诊,全血,生化,7,15:25,15:31,15:38,正常,,7,15:41,16:33,82,120,否,前处理-A线,IMM-01,OP-106
S0804-00404,2026-08-04,周二,11:43,10-12,门诊采血中心,门诊,血清,生化,5,11:53,11:54,11:59,正常,,5,12:03,12:57,74,120,否,前处理-手工台,MICRO-01,OP-101
S0804-00405,2026-08-04,周二,08:25,07-10 早高峰,儿科门诊采血窗口,门诊,血清,凝血,1,08:45,08:48,09:00,正常,,12,09:03,09:28,63,120,否,前处理-手工台,IMM-02,OP-105
S0804-00406,2026-08-04,周二,11:12,10-12,儿科门诊采血窗口,门诊,全血,生化,5,11:23,11:27,11:37,正常,,10,11:39,12:23,71,120,否,前处理-B线,BIO-02,OP-104
S0804-00407,2026-08-04,周二,07:27,07-10 早高峰,消化科病区,住院,全血,免疫,17,08:13,08:17,08:42,正常,,25,08:46,09:17,110,120,否,前处理-A线,BIO-02,OP-107
S0804-00408,2026-08-04,周二,12:54,12-14,儿科门诊采血窗口,门诊,血清,微生物,1,13:04,13:05,13:23,报错,条码识别失败,18,13:30,16:34,220,120,是,前处理-手工台,BIO-02,OP-103
S0804-00409,2026-08-04,周二,08:39,07-10 早高峰,急诊采血,急诊,血清,免疫,12,08:58,09:00,09:28,正常,,28,09:31,09:54,75,60,是,前处理-B线,HEM-01,OP-104
S0804-00410,2026-08-04,周二,17:30,17-20,体检中心,体检,尿液,免疫,14,17:40,17:44,17:54,正常,,10,18:02,18:50,80,240,否,前处理-手工台,BIO-01,OP-106
S0804-00411,2026-08-04,周二,08:19,07-10 早高峰,门诊采血中心,门诊,血清,免疫,14,08:28,08:33,08:51,正常,,18,08:55,09:18,59,120,否,前处理-B线,IMM-02,OP-107
S0804-00412,2026-08-04,周二,07:37,07-10 早高峰,儿科门诊采血窗口,门诊,尿液,血液,3,07:58,08:00,08:25,正常,,25,08:33,09:16,99,120,否,前处理-手工台,HEM-01,OP-105
S0804-00413,2026-08-04,周二,09:20,07-10 早高峰,消化科病区,住院,血清,免疫,13,10:10,10:11,10:43,正常,,32,10:49,11:15,115,120,否,前处理-A线,IMM-02,OP-101
S0804-00414,2026-08-04,周二,09:37,07-10 早高峰,门诊采血中心,门诊,全血,血液,3,09:46,09:47,10:08,正常,,21,10:12,10:51,74,120,否,前处理-手工台,HEM-02,OP-102
S0804-00415,2026-08-04,周二,17:28,17-20,门诊采血中心,门诊,全血,血液,2,17:48,17:49,17:58,正常,,9,18:04,18:55,87,120,否,前处理-B线,COAG-01,OP-107
S0804-00416,2026-08-04,周二,11:40,10-12,门诊采血中心,门诊,血清,生化,3,11:52,11:54,12:03,正常,,9,12:10,12:50,70,120,否,前处理-A线,IMM-02,OP-106
S0804-00417,2026-08-04,周二,09:21,07-10 早高峰,体检中心,体检,其他,凝血,3,09:30,09:32,09:54,正常,,22,10:02,10:36,75,240,否,前处理-B线,MICRO-01,OP-106
S0804-00418,2026-08-04,周二,10:36,10-12,肾内科病区,住院,血清,微生物,3,11:17,11:22,11:27,正常,,5,11:34,14:55,259,120,是,前处理-A线,COAG-01,OP-103
S0804-00419,2026-08-04,周二,07:36,07-10 早高峰,体检中心,体检,血清,血液,4,07:52,07:56,08:15,正常,,19,08:23,09:07,91,240,否,前处理-B线,IMM-01,OP-103
S0804-00420,2026-08-04,周二,11:01,10-12,消化科病区,住院,血清,免疫,9,11:39,11:45,12:22,报错,条码识别失败,37,12:24,13:06,125,120,是,前处理-B线,COAG-01,OP-103
S0804-00421,2026-08-04,周二,09:29,07-10 早高峰,呼吸科病区,住院,全血,生化,6,10:15,10:19,10:41,正常,,22,10:44,11:11,102,120,否,前处理-手工台,COAG-01,OP-105
S0804-00422,2026-08-04,周二,14:01,14-17,消化科病区,住院,全血,血液,4,14:44,14:45,14:55,正常,,10,15:03,15:45,104,120,否,前处理-B线,HEM-01,OP-108
S0804-00423,2026-08-04,周二,08:57,07-10 早高峰,门诊采血中心,门诊,血清,生化,11,09:08,09:13,09:29,正常,,16,09:32,10:21,84,120,否,前处理-手工台,MICRO-01,OP-108
S0804-00424,2026-08-04,周二,09:05,07-10 早高峰,体检中心,体检,血浆,生化,2,09:19,09:22,09:38,正常,,16,09:44,10:34,89,240,否,前处理-手工台,HEM-01,OP-102
S0804-00425,2026-08-04,周二,07:58,07-10 早高峰,门诊采血中心,门诊,血清,生化,8,08:22,08:23,08:43,正常,,20,08:48,09:27,89,120,否,前处理-手工台,BIO-01,OP-105
S0804-00426,2026-08-04,周二,07:39,07-10 早高峰,门诊采血中心,门诊,血清,血液,5,07:59,08:05,08:27,正常,,22,08:33,09:11,92,120,否,前处理-手工台,HEM-02,OP-108
S0804-00427,2026-08-04,周二,11:38,10-12,呼吸科病区,住院,血清,血液,6,12:15,12:20,12:24,正常,,4,12:31,13:00,82,120,否,前处理-A线,HEM-01,OP-108
S0804-00428,2026-08-04,周二,14:53,14-17,心内科病区,住院,血清,免疫,8,15:40,15:41,15:50,正常,,9,15:55,16:42,109,120,否,前处理-A线,BIO-02,OP-102
S0804-00429,2026-08-04,周二,10:17,10-12,消化科病区,住院,全血,凝血,6,11:12,11:15,11:21,正常,,6,11:28,11:53,96,120,否,前处理-手工台,BIO-02,OP-108
S0804-00430,2026-08-04,周二,08:53,07-10 早高峰,体检中心,体检,血清,生化,14,09:04,09:05,09:30,正常,,25,09:32,10:01,68,240,否,前处理-B线,IMM-01,OP-107
S0804-00431,2026-08-04,周二,18:08,17-20,ICU,住院,血清,免疫,15,18:37,18:40,18:45,正常,,5,18:50,19:43,95,90,是,前处理-手工台,IMM-02,OP-106
S0804-00432,2026-08-04,周二,10:22,10-12,内分泌科病区,住院,血清,生化,10,10:56,10:58,11:03,正常,,5,11:08,12:01,99,120,否,前处理-手工台,IMM-01,OP-107
S0804-00433,2026-08-04,周二,09:05,07-10 早高峰,肾内科病区,住院,血清,血液,1,09:42,09:44,10:05,正常,,21,10:11,10:45,100,120,否,前处理-手工台,COAG-01,OP-102
S0804-00434,2026-08-04,周二,08:32,07-10 早高峰,消化科病区,住院,全血,生化,15,09:18,09:20,09:35,正常,,15,09:43,10:16,104,120,否,前处理-手工台,COAG-01,OP-106
S0804-00435,2026-08-04,周二,09:45,07-10 早高峰,急诊采血,急诊,血浆,血液,4,09:54,09:56,10:24,正常,,28,10:31,11:08,83,60,是,前处理-A线,MICRO-01,OP-102
S0804-00436,2026-08-04,周二,12:32,12-14,ICU,住院,血清,生化,5,12:53,12:55,13:02,正常,,7,13:09,13:31,59,90,否,前处理-手工台,BIO-01,OP-106
S0804-00437,2026-08-04,周二,11:07,10-12,内分泌科病区,住院,血清,血液,3,11:42,11:48,11:55,正常,,7,11:57,12:49,102,120,否,前处理-B线,MICRO-01,OP-101
S0804-00438,2026-08-04,周二,10:12,10-12,急诊采血,急诊,血清,凝血,1,10:20,10:22,10:28,正常,,6,10:36,10:58,46,60,否,前处理-A线,HEM-01,OP-108
S0804-00439,2026-08-04,周二,08:10,07-10 早高峰,门诊采血中心,门诊,血清,免疫,17,08:26,08:31,08:49,正常,,18,08:51,09:42,92,120,否,前处理-A线,IMM-01,OP-103
S0804-00440,2026-08-04,周二,12:17,12-14,门诊采血中心,门诊,血浆,免疫,10,12:41,12:46,13:17,报错,离心异常,31,13:20,14:06,109,120,否,前处理-B线,IMM-01,OP-108
S0804-00441,2026-08-04,周二,15:11,14-17,心内科病区,住院,全血,生化,15,15:54,15:57,16:01,正常,,4,16:09,17:01,110,120,否,前处理-B线,HEM-02,OP-107
S0804-00442,2026-08-04,周二,16:09,14-17,门诊采血中心,门诊,血清,生化,9,16:26,16:31,16:39,正常,,8,16:44,17:23,74,120,否,前处理-手工台,COAG-01,OP-104
S0804-00443,2026-08-04,周二,08:17,07-10 早高峰,门诊采血中心,门诊,全血,免疫,17,08:37,08:40,09:03,正常,,23,09:10,10:05,108,120,否,前处理-手工台,IMM-02,OP-101
S0804-00444,2026-08-04,周二,10:23,10-12,ICU,住院,血清,生化,9,11:12,11:17,11:24,正常,,7,11:32,12:09,106,90,是,前处理-A线,COAG-01,OP-108
S0804-00445,2026-08-04,周二,15:10,14-17,肾内科病区,住院,全血,免疫,7,16:01,16:07,16:12,正常,,5,16:14,16:47,97,120,否,前处理-A线,HEM-02,OP-101
S0804-00446,2026-08-04,周二,09:29,07-10 早高峰,门诊采血中心,门诊,血清,生化,14,09:52,09:57,10:22,正常,,25,10:27,10:55,86,120,否,前处理-手工台,BIO-02,OP-101
S0804-00447,2026-08-04,周二,12:27,12-14,门诊采血中心,门诊,血清,生化,18,12:41,12:44,12:53,正常,,9,13:00,13:48,81,120,否,前处理-A线,IMM-02,OP-101
S0804-00448,2026-08-04,周二,07:18,07-10 早高峰,儿科门诊采血窗口,门诊,血清,免疫,4,07:28,07:33,07:53,正常,,20,08:00,08:32,74,120,否,前处理-手工台,BIO-02,OP-108
S0804-00449,2026-08-04,周二,07:34,07-10 早高峰,ICU,住院,血清,血液,3,08:20,08:26,08:40,正常,,14,08:43,09:19,105,90,是,前处理-B线,COAG-01,OP-101
S0804-00450,2026-08-04,周二,14:21,14-17,ICU,住院,血清,免疫,13,15:02,15:04,15:08,正常,,4,15:15,16:02,101,90,是,前处理-A线,HEM-01,OP-107
S0804-00451,2026-08-04,周二,08:22,07-10 早高峰,心内科病区,住院,尿液,微生物,4,08:42,08:48,09:04,正常,,16,09:10,12:16,234,120,是,前处理-B线,HEM-02,OP-103
S0804-00452,2026-08-04,周二,16:03,14-17,消化科病区,住院,血清,生化,16,16:55,16:58,17:02,正常,,4,17:07,17:27,84,120,否,前处理-B线,BIO-02,OP-108
S0804-00453,2026-08-04,周二,09:08,07-10 早高峰,心内科病区,住院,尿液,免疫,14,10:02,10:03,10:17,正常,,14,10:19,10:57,109,120,否,前处理-A线,IMM-02,OP-105
S0804-00454,2026-08-04,周二,10:20,10-12,消化科病区,住院,血清,免疫,15,10:42,10:48,10:53,正常,,5,11:01,11:32,72,120,否,前处理-B线,BIO-02,OP-103
S0804-00455,2026-08-04,周二,08:57,07-10 早高峰,急诊采血,急诊,其他,血液,4,09:10,09:15,09:38,正常,,23,09:43,10:38,101,60,是,前处理-手工台,MICRO-01,OP-107
S0804-00456,2026-08-04,周二,09:52,07-10 早高峰,心内科病区,住院,血清,生化,15,10:37,10:40,11:03,正常,,23,11:09,12:02,130,120,是,前处理-手工台,IMM-02,OP-105
S0804-00457,2026-08-04,周二,12:13,12-14,心内科病区,住院,血清,免疫,2,12:53,12:57,13:06,正常,,9,13:10,13:47,94,120,否,前处理-B线,COAG-01,OP-104
S0804-00458,2026-08-04,周二,12:37,12-14,体检中心,体检,血清,生化,17,12:46,12:49,12:57,正常,,8,13:01,13:27,50,240,否,前处理-B线,HEM-01,OP-102
S0804-00459,2026-08-04,周二,13:20,12-14,体检中心,体检,全血,免疫,15,13:37,13:42,13:51,正常,,9,13:58,14:44,84,240,否,前处理-手工台,HEM-01,OP-103
S0804-00460,2026-08-04,周二,12:35,12-14,门诊采血中心,门诊,血清,生化,13,12:48,12:52,13:01,正常,,9,13:03,13:39,64,120,否,前处理-A线,MICRO-01,OP-102
S0804-00461,2026-08-04,周二,08:08,07-10 早高峰,急诊采血,急诊,血浆,生化,15,08:30,08:31,08:55,正常,,24,09:02,09:57,109,60,是,前处理-手工台,HEM-01,OP-103
S0804-00462,2026-08-04,周二,16:54,14-17,内分泌科病区,住院,血清,生化,14,17:28,17:29,17:37,正常,,8,17:41,18:16,82,120,否,前处理-B线,BIO-01,OP-102
S0804-00463,2026-08-04,周二,10:30,10-12,门诊采血中心,门诊,血浆,免疫,3,10:41,10:46,10:53,正常,,7,10:57,11:17,47,120,否,前处理-手工台,HEM-02,OP-103
S0804-00464,2026-08-04,周二,08:16,07-10 早高峰,急诊采血,急诊,尿液,生化,1,08:29,08:33,08:56,正常,,23,09:04,09:35,79,60,是,前处理-B线,HEM-01,OP-102
S0804-00465,2026-08-04,周二,13:00,12-14,门诊采血中心,门诊,血清,生化,4,13:20,13:26,13:34,正常,,8,13:40,14:25,85,120,否,前处理-手工台,IMM-02,OP-108
S0804-00466,2026-08-04,周二,19:53,17-20,门诊采血中心,门诊,血清,生化,11,20:06,20:11,20:17,正常,,6,20:22,21:13,80,120,否,前处理-A线,HEM-01,OP-106
S0804-00467,2026-08-04,周二,07:06,07-10 早高峰,肾内科病区,住院,全血,生化,1,07:48,07:52,08:05,正常,,13,08:13,08:57,111,120,否,前处理-A线,IMM-01,OP-108
S0804-00468,2026-08-04,周二,10:32,10-12,儿科门诊采血窗口,门诊,尿液,生化,5,10:54,10:57,11:19,报错,样本量不足,22,11:23,12:08,96,120,否,前处理-B线,COAG-01,OP-104
S0804-00469,2026-08-04,周二,11:41,10-12,体检中心,体检,血清,免疫,5,11:57,11:58,12:04,正常,,6,12:06,12:40,59,240,否,前处理-A线,HEM-02,OP-101
S0804-00470,2026-08-04,周二,17:20,17-20,体检中心,体检,全血,生化,16,17:32,17:37,17:45,正常,,8,17:53,18:17,57,240,否,前处理-A线,BIO-01,OP-103
S0804-00471,2026-08-04,周二,13:50,12-14,消化科病区,住院,血浆,免疫,7,14:36,14:37,14:47,正常,,10,14:49,15:39,109,120,否,前处理-手工台,IMM-01,OP-105
S0804-00472,2026-08-04,周二,11:11,10-12,心内科病区,住院,血清,生化,14,11:53,11:54,11:59,正常,,5,12:03,12:23,72,120,否,前处理-A线,COAG-01,OP-103
S0804-00473,2026-08-04,周二,13:01,12-14,门诊采血中心,门诊,全血,免疫,5,13:25,13:31,13:35,正常,,4,13:38,14:11,70,120,否,前处理-A线,MICRO-01,OP-103
S0804-00474,2026-08-04,周二,09:08,07-10 早高峰,门诊采血中心,门诊,血清,生化,12,09:28,09:33,09:57,正常,,24,10:04,10:59,111,120,否,前处理-A线,COAG-01,OP-106
S0804-00475,2026-08-04,周二,08:25,07-10 早高峰,心内科病区,住院,血浆,生化,16,09:06,09:08,09:45,报错,样本凝集,37,09:51,10:13,108,120,否,前处理-A线,IMM-02,OP-101
S0804-00476,2026-08-04,周二,07:31,07-10 早高峰,急诊采血,急诊,血浆,免疫,14,07:56,07:58,08:23,正常,,25,08:27,09:13,102,60,是,前处理-A线,HEM-01,OP-103
S0804-00477,2026-08-04,周二,12:12,12-14,ICU,住院,血清,微生物,6,12:36,12:38,12:42,正常,,4,12:47,16:25,253,90,是,前处理-A线,MICRO-01,OP-101
S0804-00478,2026-08-04,周二,08:14,07-10 早高峰,门诊采血中心,门诊,血清,凝血,6,08:33,08:39,08:51,正常,,12,08:55,09:42,88,120,否,前处理-A线,IMM-01,OP-107
S0804-00479,2026-08-04,周二,11:41,10-12,门诊采血中心,门诊,血清,免疫,16,11:54,11:55,12:03,正常,,8,12:06,12:48,67,120,否,前处理-B线,HEM-01,OP-108
S0804-00480,2026-08-04,周二,16:01,14-17,门诊采血中心,门诊,全血,免疫,10,16:10,16:16,16:24,正常,,8,16:31,17:18,77,120,否,前处理-A线,BIO-02,OP-104
S0804-00481,2026-08-04,周二,08:13,07-10 早高峰,ICU,住院,血清,微生物,1,09:02,09:05,09:20,正常,,15,09:26,13:35,322,90,是,前处理-B线,HEM-02,OP-102
S0804-00482,2026-08-04,周二,17:51,17-20,门诊采血中心,门诊,全血,生化,18,18:09,18:12,18:20,正常,,8,18:28,18:59,68,120,否,前处理-A线,COAG-01,OP-108
S0804-00483,2026-08-04,周二,09:19,07-10 早高峰,呼吸科病区,住院,血清,微生物,1,09:56,10:00,10:42,报错,溶血,42,10:47,12:50,211,120,是,前处理-B线,HEM-02,OP-101
S0804-00484,2026-08-04,周二,09:45,07-10 早高峰,门诊采血中心,门诊,血清,生化,18,10:08,10:09,10:28,正常,,19,10:35,10:59,74,120,否,前处理-B线,HEM-02,OP-104
S0804-00485,2026-08-04,周二,07:47,07-10 早高峰,儿科门诊采血窗口,门诊,血浆,生化,7,08:08,08:14,08:37,正常,,23,08:41,09:16,89,120,否,前处理-A线,IMM-02,OP-106
S0804-00486,2026-08-04,周二,07:15,07-10 早高峰,心内科病区,住院,血清,微生物,6,07:47,07:49,08:21,正常,,32,08:26,10:44,209,120,是,前处理-B线,MICRO-01,OP-108
S0804-00487,2026-08-04,周二,18:02,17-20,内分泌科病区,住院,血清,免疫,7,18:44,18:48,18:53,正常,,5,18:59,19:28,86,120,否,前处理-A线,COAG-01,OP-101
S0804-00488,2026-08-04,周二,09:19,07-10 早高峰,内分泌科病区,住院,全血,免疫,18,09:53,09:56,10:20,正常,,24,10:28,11:12,113,120,否,前处理-手工台,BIO-01,OP-106
S0804-00489,2026-08-04,周二,08:18,07-10 早高峰,消化科病区,住院,全血,免疫,18,09:03,09:04,09:22,正常,,18,09:24,09:52,94,120,否,前处理-A线,COAG-01,OP-106
S0804-00490,2026-08-04,周二,07:56,07-10 早高峰,心内科病区,住院,血清,微生物,4,08:16,08:22,08:49,正常,,27,08:56,13:21,325,120,是,前处理-A线,IMM-01,OP-102
S0804-00491,2026-08-04,周二,11:00,10-12,体检中心,体检,血清,生化,16,11:13,11:15,11:19,正常,,4,11:25,11:46,46,240,否,前处理-手工台,BIO-01,OP-103
S0804-00492,2026-08-04,周二,16:10,14-17,门诊采血中心,门诊,血清,生化,11,16:34,16:39,16:47,正常,,8,16:55,17:42,92,120,否,前处理-手工台,MICRO-01,OP-108
S0804-00493,2026-08-04,周二,08:21,07-10 早高峰,体检中心,体检,血清,生化,1,08:38,08:42,09:01,正常,,19,09:06,10:00,99,240,否,前处理-B线,BIO-01,OP-106
S0804-00494,2026-08-04,周二,07:30,07-10 早高峰,儿科门诊采血窗口,门诊,血清,凝血,6,07:44,07:50,08:07,正常,,17,08:10,09:04,94,120,否,前处理-手工台,IMM-01,OP-101
S0804-00495,2026-08-04,周二,08:23,07-10 早高峰,ICU,住院,血浆,生化,5,08:43,08:44,08:58,正常,,14,09:05,09:42,79,90,否,前处理-手工台,MICRO-01,OP-102
S0804-00496,2026-08-04,周二,11:10,10-12,内分泌科病区,住院,血清,生化,13,11:37,11:42,11:47,正常,,5,11:54,12:17,67,120,否,前处理-A线,BIO-01,OP-102
S0804-00497,2026-08-04,周二,14:54,14-17,ICU,住院,血清,生化,9,15:37,15:38,15:42,正常,,4,15:44,16:19,85,90,否,前处理-手工台,HEM-01,OP-105
S0804-00498,2026-08-04,周二,09:23,07-10 早高峰,心内科病区,住院,血清,生化,10,10:11,10:16,10:31,正常,,15,10:39,11:09,106,120,否,前处理-B线,COAG-01,OP-106
S0804-00499,2026-08-04,周二,15:58,14-17,儿科门诊采血窗口,门诊,尿液,生化,14,16:11,16:17,16:46,报错,溶血,29,16:51,17:30,92,120,否,前处理-A线,IMM-02,OP-102
S0804-00500,2026-08-04,周二,09:17,07-10 早高峰,急诊采血,急诊,全血,免疫,18,09:35,09:36,09:56,正常,,20,09:59,10:43,86,60,是,前处理-A线,IMM-02,OP-107
S0804-00501,2026-08-04,周二,14:43,14-17,门诊采血中心,门诊,血清,血液,1,14:56,14:58,15:07,正常,,9,15:13,15:44,61,120,否,前处理-手工台,HEM-02,OP-106
S0804-00502,2026-08-04,周二,09:27,07-10 早高峰,门诊采血中心,门诊,血浆,生化,3,09:50,09:55,10:08,正常,,13,10:11,10:53,86,120,否,前处理-B线,BIO-01,OP-108
S0804-00503,2026-08-04,周二,12:23,12-14,心内科病区,住院,血清,免疫,13,13:02,13:03,13:13,正常,,10,13:16,13:49,86,120,否,前处理-A线,BIO-01,OP-102
S0805-00504,2026-08-05,周三,11:03,10-12,急诊采血,急诊,血清,生化,16,11:25,11:30,11:38,正常,,8,11:45,12:28,85,60,是,前处理-手工台,IMM-02,OP-108
S0805-00505,2026-08-05,周三,08:29,07-10 早高峰,呼吸科病区,住院,尿液,生化,1,09:24,09:29,09:54,正常,,25,10:01,10:56,147,120,是,前处理-A线,HEM-01,OP-106
S0805-00506,2026-08-05,周三,15:55,14-17,呼吸科病区,住院,血清,血液,3,16:19,16:20,16:26,正常,,6,16:31,16:53,58,120,否,前处理-A线,IMM-02,OP-104
S0805-00507,2026-08-05,周三,15:25,14-17,儿科门诊采血窗口,门诊,全血,生化,3,15:43,15:47,15:51,正常,,4,15:53,16:36,71,120,否,前处理-A线,BIO-02,OP-107
S0805-00508,2026-08-05,周三,15:18,14-17,门诊采血中心,门诊,全血,血液,6,15:26,15:31,15:35,正常,,4,15:40,16:01,43,120,否,前处理-手工台,IMM-02,OP-104
S0805-00509,2026-08-05,周三,09:03,07-10 早高峰,儿科门诊采血窗口,门诊,血清,血液,4,09:23,09:27,09:44,正常,,17,09:51,10:46,103,120,否,前处理-B线,IMM-02,OP-105
S0805-00510,2026-08-05,周三,11:26,10-12,消化科病区,住院,全血,生化,6,11:48,11:51,12:01,正常,,10,12:07,12:36,70,120,否,前处理-手工台,IMM-01,OP-104
S0805-00511,2026-08-05,周三,19:04,17-20,体检中心,体检,血清,生化,4,19:25,19:27,19:34,正常,,7,19:37,20:26,82,240,否,前处理-手工台,HEM-02,OP-104
S0805-00512,2026-08-05,周三,15:08,14-17,门诊采血中心,门诊,血清,血液,3,15:20,15:23,15:30,正常,,7,15:33,15:59,51,120,否,前处理-B线,HEM-02,OP-103
S0805-00513,2026-08-05,周三,16:57,14-17,门诊采血中心,门诊,血清,生化,12,17:13,17:14,17:24,正常,,10,17:27,18:06,69,120,否,前处理-手工台,MICRO-01,OP-101
S0805-00514,2026-08-05,周三,08:19,07-10 早高峰,内分泌科病区,住院,血清,生化,8,08:51,08:53,09:14,正常,,21,09:17,09:41,82,120,否,前处理-B线,IMM-01,OP-108
S0805-00515,2026-08-05,周三,16:20,14-17,儿科门诊采血窗口,门诊,尿液,血液,3,16:29,16:31,16:50,报错,样本量不足,19,16:57,17:50,90,120,否,前处理-A线,MICRO-01,OP-101
S0805-00516,2026-08-05,周三,07:36,07-10 早高峰,门诊采血中心,门诊,血清,生化,14,07:54,07:59,08:18,正常,,19,08:23,09:15,99,120,否,前处理-B线,COAG-01,OP-105
S0805-00517,2026-08-05,周三,09:36,07-10 早高峰,儿科门诊采血窗口,门诊,血清,生化,1,09:44,09:46,10:22,报错,样本量不足,36,10:28,10:50,74,120,否,前处理-A线,IMM-02,OP-103
S0805-00518,2026-08-05,周三,14:52,14-17,儿科门诊采血窗口,门诊,全血,生化,15,15:05,15:11,15:19,正常,,8,15:21,15:46,54,120,否,前处理-A线,BIO-01,OP-107
S0805-00519,2026-08-05,周三,07:16,07-10 早高峰,门诊采血中心,门诊,尿液,生化,7,07:33,07:35,07:51,正常,,16,07:58,08:37,81,120,否,前处理-手工台,HEM-01,OP-108
S0805-00520,2026-08-05,周三,15:09,14-17,心内科病区,住院,血浆,血液,2,15:37,15:39,15:43,正常,,4,15:48,16:41,92,120,否,前处理-A线,MICRO-01,OP-101
S0805-00521,2026-08-05,周三,14:09,14-17,ICU,住院,血清,血液,1,15:01,15:03,15:13,正常,,10,15:17,16:01,112,90,是,前处理-手工台,HEM-01,OP-106
S0805-00522,2026-08-05,周三,08:15,07-10 早高峰,门诊采血中心,门诊,全血,生化,15,08:28,08:32,08:57,正常,,25,09:02,09:39,84,120,否,前处理-A线,COAG-01,OP-103
S0805-00523,2026-08-05,周三,17:36,17-20,肾内科病区,住院,血浆,血液,3,18:03,18:07,18:17,正常,,10,18:19,18:41,65,120,否,前处理-B线,HEM-01,OP-105
S0805-00524,2026-08-05,周三,11:36,10-12,儿科门诊采血窗口,门诊,血清,生化,9,11:46,11:51,12:01,正常,,10,12:08,12:41,65,120,否,前处理-A线,BIO-02,OP-108
S0805-00525,2026-08-05,周三,10:09,10-12,消化科病区,住院,血清,生化,17,10:44,10:48,10:53,正常,,5,11:00,11:34,85,120,否,前处理-A线,IMM-02,OP-107
S0805-00526,2026-08-05,周三,07:14,07-10 早高峰,呼吸科病区,住院,血浆,生化,11,07:48,07:52,08:19,正常,,27,08:24,09:18,124,120,是,前处理-B线,HEM-02,OP-103
S0805-00527,2026-08-05,周三,19:14,17-20,门诊采血中心,门诊,血清,微生物,2,19:39,19:44,19:51,正常,,7,19:57,22:44,210,120,是,前处理-B线,MICRO-01,OP-106
S0805-00528,2026-08-05,周三,11:55,10-12,门诊采血中心,门诊,全血,血液,3,12:14,12:17,12:21,正常,,4,12:27,13:05,70,120,否,前处理-手工台,IMM-02,OP-103
S0805-00529,2026-08-05,周三,07:01,07-10 早高峰,儿科门诊采血窗口,门诊,全血,微生物,5,07:13,07:16,07:32,正常,,16,07:34,10:24,203,120,是,前处理-B线,IMM-01,OP-103
S0805-00530,2026-08-05,周三,16:33,14-17,门诊采血中心,门诊,血清,血液,3,16:52,16:55,17:03,正常,,8,17:10,17:41,68,120,否,前处理-A线,COAG-01,OP-101
S0805-00531,2026-08-05,周三,09:21,07-10 早高峰,ICU,住院,血清,生化,11,10:13,10:15,10:42,正常,,27,10:46,11:35,134,90,是,前处理-A线,COAG-01,OP-105
S0805-00532,2026-08-05,周三,09:36,07-10 早高峰,ICU,住院,其他,血液,4,10:20,10:26,10:48,正常,,22,10:51,11:39,123,90,是,前处理-A线,HEM-02,OP-105
S0805-00533,2026-08-05,周三,08:39,07-10 早高峰,门诊采血中心,门诊,血清,凝血,6,09:04,09:10,09:26,正常,,16,09:31,10:23,104,120,否,前处理-手工台,BIO-01,OP-101
S0805-00534,2026-08-05,周三,16:25,14-17,心内科病区,住院,血清,生化,17,16:57,16:58,17:04,正常,,6,17:06,17:39,74,120,否,前处理-A线,HEM-01,OP-105
S0805-00535,2026-08-05,周三,07:18,07-10 早高峰,肾内科病区,住院,全血,生化,7,07:38,07:44,07:58,正常,,14,08:05,08:48,90,120,否,前处理-手工台,BIO-01,OP-101
S0805-00536,2026-08-05,周三,12:59,12-14,心内科病区,住院,血清,生化,7,13:36,13:37,13:45,正常,,8,13:50,14:23,84,120,否,前处理-手工台,BIO-02,OP-103
S0805-00537,2026-08-05,周三,15:40,14-17,儿科门诊采血窗口,门诊,全血,免疫,7,16:00,16:01,16:07,正常,,6,16:11,16:36,56,120,否,前处理-手工台,MICRO-01,OP-107
S0805-00538,2026-08-05,周三,10:31,10-12,心内科病区,住院,血清,免疫,15,11:26,11:31,11:36,正常,,5,11:40,12:05,94,120,否,前处理-手工台,BIO-01,OP-104
S0805-00539,2026-08-05,周三,15:32,14-17,门诊采血中心,门诊,尿液,免疫,1,15:57,16:03,16:07,正常,,4,16:14,17:07,95,120,否,前处理-B线,HEM-01,OP-105
S0805-00540,2026-08-05,周三,15:14,14-17,心内科病区,住院,全血,免疫,16,16:09,16:13,16:17,正常,,4,16:22,17:02,108,120,否,前处理-A线,IMM-02,OP-108
S0805-00541,2026-08-05,周三,09:59,07-10 早高峰,门诊采血中心,门诊,血清,免疫,3,10:22,10:23,10:46,正常,,23,10:53,11:40,101,120,否,前处理-手工台,HEM-01,OP-102
S0805-00542,2026-08-05,周三,09:33,07-10 早高峰,门诊采血中心,门诊,血清,生化,2,09:44,09:50,10:31,报错,样本凝集,41,10:35,11:20,107,120,否,前处理-A线,MICRO-01,OP-104
S0805-00543,2026-08-05,周三,07:00,07-10 早高峰,门诊采血中心,门诊,血浆,血液,3,07:25,07:27,07:51,正常,,24,07:55,08:44,104,120,否,前处理-手工台,BIO-02,OP-103
S0805-00544,2026-08-05,周三,15:41,14-17,门诊采血中心,门诊,血浆,凝血,4,16:00,16:01,16:07,正常,,6,16:15,16:59,78,120,否,前处理-手工台,IMM-01,OP-106
S0805-00545,2026-08-05,周三,10:28,10-12,心内科病区,住院,全血,免疫,12,11:20,11:22,11:32,正常,,10,11:39,12:05,97,120,否,前处理-A线,COAG-01,OP-108
S0805-00546,2026-08-05,周三,17:28,17-20,儿科门诊采血窗口,门诊,血清,血液,2,17:37,17:40,17:50,正常,,10,17:54,18:40,72,120,否,前处理-手工台,HEM-01,OP-103
S0805-00547,2026-08-05,周三,07:20,07-10 早高峰,门诊采血中心,门诊,血清,血液,1,07:41,07:47,08:15,正常,,28,08:20,08:49,89,120,否,前处理-手工台,MICRO-01,OP-102
S0805-00548,2026-08-05,周三,12:50,12-14,消化科病区,住院,全血,免疫,13,13:10,13:15,13:22,正常,,7,13:29,13:54,64,120,否,前处理-手工台,BIO-01,OP-102
S0805-00549,2026-08-05,周三,09:12,07-10 早高峰,呼吸科病区,住院,血浆,凝血,4,10:03,10:04,10:33,正常,,29,10:41,11:31,139,120,是,前处理-A线,BIO-02,OP-106
S0805-00550,2026-08-05,周三,13:26,12-14,肾内科病区,住院,全血,血液,4,14:19,14:25,14:30,正常,,5,14:35,15:27,121,120,是,前处理-B线,BIO-01,OP-107
S0805-00551,2026-08-05,周三,07:04,07-10 早高峰,心内科病区,住院,血浆,血液,4,07:59,08:00,08:21,正常,,21,08:24,09:13,129,120,是,前处理-B线,HEM-01,OP-104
S0805-00552,2026-08-05,周三,19:42,17-20,门诊采血中心,门诊,血清,生化,12,20:05,20:09,20:13,正常,,4,20:19,20:50,68,120,否,前处理-A线,COAG-01,OP-101
S0805-00553,2026-08-05,周三,09:20,07-10 早高峰,儿科门诊采血窗口,门诊,全血,免疫,9,09:37,09:40,10:07,正常,,27,10:10,10:33,73,120,否,前处理-B线,COAG-01,OP-108
S0805-00554,2026-08-05,周三,14:33,14-17,儿科门诊采血窗口,门诊,血清,生化,10,14:52,14:55,15:04,正常,,9,15:10,15:49,76,120,否,前处理-A线,BIO-02,OP-108
S0805-00555,2026-08-05,周三,08:01,07-10 早高峰,体检中心,体检,血浆,免疫,3,08:10,08:15,08:42,正常,,27,08:44,09:19,78,240,否,前处理-B线,HEM-01,OP-105
S0805-00556,2026-08-05,周三,10:30,10-12,内分泌科病区,住院,其他,免疫,16,11:19,11:25,11:31,正常,,6,11:39,12:03,93,120,否,前处理-B线,HEM-02,OP-108
S0805-00557,2026-08-05,周三,13:43,12-14,急诊采血,急诊,血清,生化,5,14:08,14:13,14:23,正常,,10,14:26,14:59,76,60,是,前处理-手工台,BIO-01,OP-103
S0805-00558,2026-08-05,周三,10:22,10-12,体检中心,体检,其他,生化,15,10:33,10:39,10:44,正常,,5,10:46,11:18,56,240,否,前处理-手工台,BIO-02,OP-108
S0805-00559,2026-08-05,周三,16:34,14-17,儿科门诊采血窗口,门诊,血清,生化,7,16:47,16:50,16:56,正常,,6,16:58,17:33,59,120,否,前处理-手工台,COAG-01,OP-102
S0805-00560,2026-08-05,周三,11:25,10-12,肾内科病区,住院,血清,生化,10,12:00,12:03,12:10,正常,,7,12:17,12:45,80,120,否,前处理-手工台,BIO-01,OP-102
S0805-00561,2026-08-05,周三,07:37,07-10 早高峰,呼吸科病区,住院,全血,血液,5,08:28,08:29,08:54,正常,,25,08:59,09:29,112,120,否,前处理-手工台,BIO-02,OP-106
S0805-00562,2026-08-05,周三,08:35,07-10 早高峰,体检中心,体检,其他,生化,10,08:52,08:53,09:21,正常,,28,09:26,09:56,81,240,否,前处理-手工台,BIO-02,OP-107
S0805-00563,2026-08-05,周三,07:27,07-10 早高峰,门诊采血中心,门诊,血清,免疫,17,07:49,07:50,08:19,正常,,29,08:21,08:43,76,120,否,前处理-B线,HEM-02,OP-107
S0805-00564,2026-08-05,周三,09:36,07-10 早高峰,呼吸科病区,住院,血浆,生化,9,10:21,10:25,10:41,正常,,16,10:43,11:09,93,120,否,前处理-B线,BIO-02,OP-101
S0805-00565,2026-08-05,周三,16:21,14-17,门诊采血中心,门诊,血清,生化,12,16:42,16:46,17:07,报错,条码识别失败,21,17:15,17:39,78,120,否,前处理-手工台,MICRO-01,OP-107
S0805-00566,2026-08-05,周三,15:04,14-17,心内科病区,住院,血清,免疫,11,15:36,15:39,15:46,正常,,7,15:53,16:21,77,120,否,前处理-B线,BIO-02,OP-105
S0805-00567,2026-08-05,周三,09:59,07-10 早高峰,呼吸科病区,住院,血清,生化,6,10:19,10:24,10:44,正常,,20,10:49,11:27,88,120,否,前处理-A线,HEM-02,OP-102
S0805-00568,2026-08-05,周三,09:24,07-10 早高峰,急诊采血,急诊,血清,生化,2,09:38,09:40,09:58,正常,,18,10:06,10:38,74,60,是,前处理-手工台,HEM-02,OP-101
S0805-00569,2026-08-05,周三,17:29,17-20,体检中心,体检,血清,免疫,10,17:52,17:57,18:07,正常,,10,18:11,18:31,62,240,否,前处理-A线,BIO-02,OP-102
S0805-00570,2026-08-05,周三,08:12,07-10 早高峰,门诊采血中心,门诊,血清,微生物,5,08:36,08:38,08:52,正常,,14,08:58,13:35,323,120,是,前处理-手工台,HEM-02,OP-102
S0805-00571,2026-08-05,周三,09:19,07-10 早高峰,急诊采血,急诊,血清,生化,4,09:39,09:45,10:05,正常,,20,10:12,10:40,81,60,是,前处理-B线,IMM-02,OP-105
S0805-00572,2026-08-05,周三,07:54,07-10 早高峰,门诊采血中心,门诊,血清,免疫,2,08:18,08:22,08:41,正常,,19,08:46,09:34,100,120,否,前处理-A线,BIO-02,OP-101
S0805-00573,2026-08-05,周三,15:08,14-17,体检中心,体检,血清,生化,5,15:30,15:36,15:43,正常,,7,15:46,16:39,91,240,否,前处理-A线,IMM-02,OP-102
S0805-00574,2026-08-05,周三,09:47,07-10 早高峰,消化科病区,住院,血清,凝血,3,10:38,10:39,11:01,正常,,22,11:09,11:50,123,120,是,前处理-A线,IMM-02,OP-105
S0805-00575,2026-08-05,周三,10:12,10-12,消化科病区,住院,血清,血液,2,11:05,11:06,11:11,正常,,5,11:15,11:37,85,120,否,前处理-A线,MICRO-01,OP-105
S0805-00576,2026-08-05,周三,08:00,07-10 早高峰,儿科门诊采血窗口,门诊,血清,血液,4,08:15,08:21,08:46,正常,,25,08:50,09:15,75,120,否,前处理-B线,IMM-02,OP-106
S0805-00577,2026-08-05,周三,08:02,07-10 早高峰,儿科门诊采血窗口,门诊,全血,生化,11,08:16,08:20,08:46,正常,,26,08:49,09:33,91,120,否,前处理-A线,BIO-01,OP-104
S0805-00578,2026-08-05,周三,18:02,17-20,ICU,住院,全血,免疫,12,18:26,18:30,18:34,正常,,4,18:38,19:06,64,90,否,前处理-B线,COAG-01,OP-102
S0805-00579,2026-08-05,周三,08:47,07-10 早高峰,门诊采血中心,门诊,全血,生化,8,09:01,09:06,09:35,正常,,29,09:40,10:16,89,120,否,前处理-手工台,MICRO-01,OP-108
S0805-00580,2026-08-05,周三,15:44,14-17,儿科门诊采血窗口,门诊,尿液,生化,11,15:53,15:57,16:04,正常,,7,16:09,17:01,77,120,否,前处理-手工台,COAG-01,OP-106
S0805-00581,2026-08-05,周三,18:11,17-20,心内科病区,住院,血清,生化,13,18:55,18:59,19:09,正常,,10,19:13,19:54,103,120,否,前处理-B线,HEM-02,OP-105
S0805-00582,2026-08-05,周三,08:29,07-10 早高峰,儿科门诊采血窗口,门诊,血浆,免疫,8,08:54,08:59,09:43,报错,条码识别失败,44,09:45,10:06,97,120,否,前处理-A线,COAG-01,OP-103
S0805-00583,2026-08-05,周三,09:49,07-10 早高峰,消化科病区,住院,血清,免疫,7,10:29,10:30,10:52,正常,,22,10:58,11:19,90,120,否,前处理-B线,HEM-01,OP-101
S0805-00584,2026-08-05,周三,10:00,10-12,门诊采血中心,门诊,血浆,生化,9,10:11,10:15,10:21,正常,,6,10:27,10:58,58,120,否,前处理-手工台,IMM-01,OP-106
S0805-00585,2026-08-05,周三,12:56,12-14,门诊采血中心,门诊,全血,血液,6,13:12,13:18,13:22,正常,,4,13:24,14:14,78,120,否,前处理-B线,BIO-02,OP-101
S0805-00586,2026-08-05,周三,11:52,10-12,ICU,住院,血清,血液,3,12:17,12:20,12:28,正常,,8,12:31,12:57,65,90,否,前处理-B线,BIO-02,OP-102
S0805-00587,2026-08-05,周三,09:36,07-10 早高峰,呼吸科病区,住院,血清,凝血,1,09:57,09:59,10:27,正常,,28,10:32,10:57,81,120,否,前处理-手工台,MICRO-01,OP-108
S0805-00588,2026-08-05,周三,11:20,10-12,门诊采血中心,门诊,血清,生化,16,11:29,11:35,11:43,正常,,8,11:48,12:22,62,120,否,前处理-A线,BIO-01,OP-104
S0805-00589,2026-08-05,周三,16:55,14-17,ICU,住院,血清,免疫,13,17:34,17:39,17:45,正常,,6,17:53,18:40,105,90,是,前处理-手工台,HEM-01,OP-106
S0805-00590,2026-08-05,周三,10:07,10-12,消化科病区,住院,全血,免疫,7,10:32,10:36,10:43,正常,,7,10:47,11:14,67,120,否,前处理-手工台,HEM-02,OP-108
S0805-00591,2026-08-05,周三,15:10,14-17,儿科门诊采血窗口,门诊,血清,生化,13,15:18,15:19,15:29,正常,,10,15:32,16:02,52,120,否,前处理-手工台,IMM-02,OP-105
S0805-00592,2026-08-05,周三,11:02,10-12,门诊采血中心,门诊,全血,血液,5,11:26,11:29,11:36,正常,,7,11:43,12:29,87,120,否,前处理-B线,IMM-02,OP-108
S0805-00593,2026-08-05,周三,09:30,07-10 早高峰,门诊采血中心,门诊,全血,免疫,3,09:48,09:54,10:13,正常,,19,10:15,10:54,84,120,否,前处理-手工台,IMM-01,OP-104
S0805-00594,2026-08-05,周三,07:23,07-10 早高峰,急诊采血,急诊,全血,微生物,4,07:36,07:37,08:08,正常,,31,08:10,11:12,229,60,是,前处理-A线,HEM-02,OP-101
S0805-00595,2026-08-05,周三,10:56,10-12,消化科病区,住院,血清,血液,2,11:20,11:21,11:26,正常,,5,11:31,12:05,69,120,否,前处理-A线,BIO-01,OP-107
S0805-00596,2026-08-05,周三,08:52,07-10 早高峰,肾内科病区,住院,血清,血液,5,09:27,09:30,09:49,正常,,19,09:57,10:34,102,120,否,前处理-手工台,COAG-01,OP-101
S0805-00597,2026-08-05,周三,09:42,07-10 早高峰,门诊采血中心,门诊,血清,微生物,3,09:55,09:56,10:14,正常,,18,10:19,14:38,296,120,是,前处理-B线,IMM-01,OP-105
S0805-00598,2026-08-05,周三,09:42,07-10 早高峰,体检中心,体检,全血,免疫,12,10:05,10:10,10:36,正常,,26,10:42,11:02,80,240,否,前处理-手工台,HEM-01,OP-102
S0805-00599,2026-08-05,周三,19:54,17-20,体检中心,体检,血清,生化,12,20:11,20:12,20:18,正常,,6,20:20,20:40,46,240,否,前处理-手工台,IMM-01,OP-104
S0805-00600,2026-08-05,周三,12:01,12-14,内分泌科病区,住院,全血,血液,4,12:24,12:30,12:35,正常,,5,12:42,13:17,76,120,否,前处理-A线,HEM-02,OP-106
S0805-00601,2026-08-05,周三,11:04,10-12,内分泌科病区,住院,全血,血液,2,11:59,12:00,12:06,正常,,6,12:12,12:34,90,120,否,前处理-B线,BIO-02,OP-103
S0805-00602,2026-08-05,周三,13:27,12-14,消化科病区,住院,血浆,生化,5,14:06,14:12,14:22,正常,,10,14:27,15:12,105,120,否,前处理-手工台,BIO-01,OP-108
S0805-00603,2026-08-05,周三,16:23,14-17,门诊采血中心,门诊,全血,免疫,8,16:34,16:39,16:44,正常,,5,16:49,17:16,53,120,否,前处理-A线,HEM-01,OP-106
S0805-00604,2026-08-05,周三,16:54,14-17,体检中心,体检,血清,生化,11,17:04,17:07,17:12,正常,,5,17:20,18:03,69,240,否,前处理-B线,IMM-02,OP-103
S0805-00605,2026-08-05,周三,08:36,07-10 早高峰,ICU,住院,血清,生化,13,09:09,09:14,09:34,正常,,20,09:38,10:08,92,90,是,前处理-手工台,HEM-02,OP-104
S0805-00606,2026-08-05,周三,10:31,10-12,心内科病区,住院,血清,生化,11,10:56,10:57,11:06,正常,,9,11:08,11:40,69,120,否,前处理-A线,COAG-01,OP-108
S0805-00607,2026-08-05,周三,09:38,07-10 早高峰,心内科病区,住院,血清,免疫,10,10:09,10:15,10:29,正常,,14,10:33,11:24,106,120,否,前处理-B线,MICRO-01,OP-103
S0805-00608,2026-08-05,周三,07:14,07-10 早高峰,门诊采血中心,门诊,尿液,生化,4,07:33,07:39,08:01,正常,,22,08:03,08:39,85,120,否,前处理-B线,BIO-01,OP-102
S0805-00609,2026-08-05,周三,07:39,07-10 早高峰,急诊采血,急诊,血清,凝血,4,07:53,07:54,08:12,正常,,18,08:18,09:11,92,60,是,前处理-B线,BIO-02,OP-102
S0805-00610,2026-08-05,周三,08:46,07-10 早高峰,儿科门诊采血窗口,门诊,全血,血液,2,08:56,09:00,09:18,正常,,18,09:21,10:07,81,120,否,前处理-B线,COAG-01,OP-104
S0805-00611,2026-08-05,周三,08:22,07-10 早高峰,门诊采血中心,门诊,血清,生化,9,08:44,08:48,09:03,正常,,15,09:05,09:52,90,120,否,前处理-手工台,BIO-01,OP-105
S0805-00612,2026-08-05,周三,08:27,07-10 早高峰,体检中心,体检,全血,免疫,5,08:52,08:54,09:24,正常,,30,09:27,09:47,80,240,否,前处理-A线,BIO-02,OP-101
S0805-00613,2026-08-05,周三,10:23,10-12,儿科门诊采血窗口,门诊,尿液,生化,6,10:48,10:49,10:55,正常,,6,11:00,11:22,59,120,否,前处理-手工台,HEM-02,OP-107
S0805-00614,2026-08-05,周三,08:03,07-10 早高峰,肾内科病区,住院,血清,生化,5,08:46,08:52,09:22,正常,,30,09:28,09:59,116,120,否,前处理-A线,BIO-01,OP-105
S0805-00615,2026-08-05,周三,12:55,12-14,门诊采血中心,门诊,血清,血液,5,13:13,13:17,13:44,报错,样本量不足,27,13:46,14:14,79,120,否,前处理-手工台,COAG-01,OP-107
S0805-00616,2026-08-05,周三,12:46,12-14,心内科病区,住院,血清,免疫,5,13:24,13:28,13:35,正常,,7,13:42,14:06,80,120,否,前处理-A线,IMM-01,OP-107
S0805-00617,2026-08-05,周三,07:37,07-10 早高峰,内分泌科病区,住院,血清,免疫,17,08:26,08:29,08:51,正常,,22,08:58,09:47,130,120,是,前处理-B线,IMM-01,OP-102
S0805-00618,2026-08-05,周三,11:18,10-12,儿科门诊采血窗口,门诊,全血,凝血,5,11:36,11:40,11:46,正常,,6,11:53,12:28,70,120,否,前处理-手工台,BIO-02,OP-108
S0805-00619,2026-08-05,周三,14:25,14-17,门诊采血中心,门诊,尿液,免疫,6,14:35,14:38,14:43,正常,,5,14:45,15:34,69,120,否,前处理-A线,BIO-02,OP-108
S0805-00620,2026-08-05,周三,12:49,12-14,体检中心,体检,血清,免疫,1,13:04,13:07,13:14,正常,,7,13:17,13:51,62,240,否,前处理-A线,HEM-01,OP-107
S0805-00621,2026-08-05,周三,07:56,07-10 早高峰,心内科病区,住院,血清,生化,3,08:38,08:40,08:53,正常,,13,08:55,09:18,82,120,否,前处理-手工台,BIO-02,OP-102
S0805-00622,2026-08-05,周三,14:26,14-17,门诊采血中心,门诊,血清,血液,2,14:34,14:37,14:41,正常,,4,14:47,15:27,61,120,否,前处理-B线,IMM-01,OP-106
S0805-00623,2026-08-05,周三,17:43,17-20,儿科门诊采血窗口,门诊,血清,微生物,2,17:58,18:03,18:08,正常,,5,18:15,21:54,251,120,是,前处理-手工台,IMM-01,OP-103
S0805-00624,2026-08-05,周三,10:56,10-12,急诊采血,急诊,血清,生化,11,11:17,11:19,11:28,正常,,9,11:35,12:18,82,60,是,前处理-手工台,HEM-02,OP-106
S0805-00625,2026-08-05,周三,15:13,14-17,门诊采血中心,门诊,血浆,凝血,4,15:22,15:23,15:27,正常,,4,15:32,16:17,64,120,否,前处理-手工台,BIO-02,OP-105
S0805-00626,2026-08-05,周三,08:07,07-10 早高峰,呼吸科病区,住院,血清,凝血,3,09:01,09:07,09:32,正常,,25,09:35,10:27,140,120,是,前处理-B线,BIO-01,OP-102
S0805-00627,2026-08-05,周三,08:53,07-10 早高峰,呼吸科病区,住院,血清,生化,10,09:41,09:44,10:09,正常,,25,10:16,11:06,133,120,是,前处理-手工台,BIO-01,OP-102
S0805-00628,2026-08-05,周三,12:07,12-14,呼吸科病区,住院,血清,免疫,16,12:53,12:58,13:05,正常,,7,13:07,13:40,93,120,否,前处理-B线,COAG-01,OP-108
S0805-00629,2026-08-05,周三,08:52,07-10 早高峰,儿科门诊采血窗口,门诊,血清,血液,1,09:14,09:18,09:49,正常,,31,09:51,10:41,109,120,否,前处理-B线,COAG-01,OP-104
S0805-00630,2026-08-05,周三,16:18,14-17,门诊采血中心,门诊,尿液,生化,5,16:36,16:40,16:46,正常,,6,16:48,17:43,85,120,否,前处理-手工台,BIO-01,OP-107
S0805-00631,2026-08-05,周三,10:45,10-12,门诊采血中心,门诊,血清,生化,9,10:54,10:56,11:04,正常,,8,11:11,11:41,56,120,否,前处理-A线,MICRO-01,OP-102
S0805-00632,2026-08-05,周三,08:17,07-10 早高峰,门诊采血中心,门诊,血清,微生物,5,08:35,08:36,08:50,正常,,14,08:57,12:00,223,120,是,前处理-手工台,HEM-01,OP-104
S0805-00633,2026-08-05,周三,07:25,07-10 早高峰,儿科门诊采血窗口,门诊,血浆,生化,14,07:33,07:35,08:31,报错,样本量不足,56,08:34,09:11,106,120,否,前处理-B线,BIO-01,OP-101
S0805-00634,2026-08-05,周三,16:17,14-17,急诊采血,急诊,尿液,生化,17,16:31,16:34,16:38,正常,,4,16:46,17:30,73,60,是,前处理-B线,BIO-01,OP-104
S0805-00635,2026-08-05,周三,08:52,07-10 早高峰,门诊采血中心,门诊,全血,免疫,1,09:15,09:20,09:37,正常,,17,09:40,10:01,69,120,否,前处理-手工台,HEM-01,OP-108
S0805-00636,2026-08-05,周三,08:38,07-10 早高峰,心内科病区,住院,血清,微生物,4,09:15,09:20,09:42,正常,,22,09:50,13:19,281,120,是,前处理-手工台,COAG-01,OP-108
S0805-00637,2026-08-05,周三,14:31,14-17,门诊采血中心,门诊,血清,血液,2,14:44,14:49,14:59,正常,,10,15:02,15:56,85,120,否,前处理-A线,BIO-02,OP-102
S0805-00638,2026-08-05,周三,08:10,07-10 早高峰,门诊采血中心,门诊,血清,免疫,4,08:21,08:27,08:47,正常,,20,08:54,09:24,74,120,否,前处理-手工台,HEM-02,OP-107
S0805-00639,2026-08-05,周三,11:16,10-12,门诊采血中心,门诊,尿液,免疫,17,11:26,11:29,11:35,正常,,6,11:38,12:11,55,120,否,前处理-A线,IMM-02,OP-105
S0805-00640,2026-08-05,周三,07:46,07-10 早高峰,儿科门诊采血窗口,门诊,血清,免疫,10,07:55,07:58,08:17,正常,,19,08:20,09:13,87,120,否,前处理-手工台,HEM-01,OP-106
S0805-00641,2026-08-05,周三,08:19,07-10 早高峰,儿科门诊采血窗口,门诊,尿液,生化,17,08:37,08:39,09:06,正常,,27,09:10,09:41,82,120,否,前处理-手工台,BIO-01,OP-105
S0805-00642,2026-08-05,周三,09:31,07-10 早高峰,门诊采血中心,门诊,血清,生化,5,09:51,09:57,10:19,正常,,22,10:23,11:02,91,120,否,前处理-A线,HEM-01,OP-101
S0805-00643,2026-08-05,周三,09:38,07-10 早高峰,消化科病区,住院,血清,凝血,2,10:04,10:10,10:37,正常,,27,10:44,11:25,107,120,否,前处理-A线,HEM-02,OP-108
S0805-00644,2026-08-05,周三,10:16,10-12,体检中心,体检,血清,免疫,9,10:39,10:43,10:49,正常,,6,10:51,11:33,77,240,否,前处理-B线,COAG-01,OP-107
S0805-00645,2026-08-05,周三,13:54,12-14,体检中心,体检,其他,生化,4,14:04,14:07,14:16,正常,,9,14:23,14:45,51,240,否,前处理-B线,HEM-02,OP-101
S0805-00646,2026-08-05,周三,15:13,14-17,体检中心,体检,全血,生化,2,15:27,15:28,15:33,正常,,5,15:36,16:30,77,240,否,前处理-A线,COAG-01,OP-105
S0805-00647,2026-08-05,周三,09:55,07-10 早高峰,门诊采血中心,门诊,血清,免疫,1,10:03,10:09,10:34,正常,,25,10:39,11:34,99,120,否,前处理-A线,HEM-02,OP-108
S0805-00648,2026-08-05,周三,14:19,14-17,心内科病区,住院,血清,免疫,13,15:12,15:13,15:18,正常,,5,15:25,16:20,121,120,是,前处理-A线,HEM-01,OP-103
S0805-00649,2026-08-05,周三,07:28,07-10 早高峰,肾内科病区,住院,血清,生化,15,08:09,08:12,08:33,正常,,21,08:37,09:23,115,120,否,前处理-B线,COAG-01,OP-106
S0805-00650,2026-08-05,周三,07:42,07-10 早高峰,内分泌科病区,住院,其他,血液,6,08:13,08:19,08:58,报错,离心异常,39,09:01,09:40,118,120,否,前处理-B线,MICRO-01,OP-105
S0805-00651,2026-08-05,周三,07:19,07-10 早高峰,体检中心,体检,血浆,生化,2,07:38,07:44,07:59,正常,,15,08:05,08:59,100,240,否,前处理-手工台,IMM-01,OP-101
S0805-00652,2026-08-05,周三,10:55,10-12,急诊采血,急诊,全血,凝血,2,11:12,11:18,11:28,正常,,10,11:32,12:06,71,60,是,前处理-B线,BIO-02,OP-108
S0805-00653,2026-08-05,周三,14:21,14-17,肾内科病区,住院,血清,生化,13,14:43,14:49,15:27,报错,样本凝集,38,15:30,16:13,112,120,否,前处理-A线,HEM-01,OP-104
S0805-00654,2026-08-05,周三,11:46,10-12,急诊采血,急诊,血清,免疫,8,12:11,12:12,12:21,正常,,9,12:24,13:14,88,60,是,前处理-手工台,IMM-01,OP-105
S0805-00655,2026-08-05,周三,08:06,07-10 早高峰,门诊采血中心,门诊,血清,凝血,6,08:20,08:24,08:54,正常,,30,08:59,09:36,90,120,否,前处理-B线,HEM-02,OP-102
S0805-00656,2026-08-05,周三,17:10,17-20,儿科门诊采血窗口,门诊,血清,免疫,4,17:30,17:34,18:13,报错,样本量不足,39,18:16,18:43,93,120,否,前处理-A线,BIO-02,OP-107
S0805-00657,2026-08-05,周三,07:22,07-10 早高峰,儿科门诊采血窗口,门诊,全血,免疫,11,07:38,07:40,08:07,正常,,27,08:10,08:36,74,120,否,前处理-A线,COAG-01,OP-107
S0805-00658,2026-08-05,周三,17:14,17-20,门诊采血中心,门诊,血清,微生物,4,17:35,17:38,17:42,正常,,4,17:45,20:32,198,120,是,前处理-B线,IMM-02,OP-106
S0805-00659,2026-08-05,周三,11:10,10-12,门诊采血中心,门诊,全血,免疫,15,11:29,11:33,11:42,正常,,9,11:46,12:15,65,120,否,前处理-手工台,HEM-01,OP-101
S0805-00660,2026-08-05,周三,14:16,14-17,急诊采血,急诊,血浆,生化,7,14:27,14:28,14:37,正常,,9,14:43,15:23,67,60,是,前处理-手工台,BIO-02,OP-101
S0805-00661,2026-08-05,周三,10:36,10-12,体检中心,体检,全血,免疫,9,10:52,10:53,10:59,正常,,6,11:07,11:59,83,240,否,前处理-手工台,HEM-01,OP-104
S0805-00662,2026-08-05,周三,10:49,10-12,儿科门诊采血窗口,门诊,血清,生化,7,11:07,11:08,11:12,正常,,4,11:20,12:03,74,120,否,前处理-A线,BIO-01,OP-101
S0805-00663,2026-08-05,周三,07:11,07-10 早高峰,体检中心,体检,血浆,免疫,9,07:21,07:27,07:48,正常,,21,07:55,08:39,88,240,否,前处理-手工台,MICRO-01,OP-106
S0805-00664,2026-08-05,周三,12:24,12-14,门诊采血中心,门诊,全血,凝血,2,12:41,12:44,12:48,正常,,4,12:56,13:28,64,120,否,前处理-手工台,COAG-01,OP-108
S0805-00665,2026-08-05,周三,08:58,07-10 早高峰,门诊采血中心,门诊,血清,免疫,13,09:07,09:11,09:30,正常,,19,09:37,10:05,67,120,否,前处理-A线,IMM-01,OP-101
S0805-00666,2026-08-05,周三,11:06,10-12,消化科病区,住院,血清,免疫,14,11:45,11:48,11:53,正常,,5,11:57,12:45,99,120,否,前处理-A线,MICRO-01,OP-105
S0805-00667,2026-08-05,周三,08:57,07-10 早高峰,ICU,住院,血清,生化,10,09:40,09:45,10:10,正常,,25,10:16,10:36,99,90,是,前处理-B线,IMM-02,OP-105
S0805-00668,2026-08-05,周三,13:37,12-14,门诊采血中心,门诊,血清,生化,18,13:49,13:51,14:00,正常,,9,14:04,14:54,77,120,否,前处理-手工台,BIO-02,OP-101
S0805-00669,2026-08-05,周三,11:15,10-12,ICU,住院,血清,血液,2,11:44,11:48,11:56,正常,,8,12:02,12:23,68,90,否,前处理-A线,IMM-01,OP-105
S0805-00670,2026-08-05,周三,10:01,10-12,门诊采血中心,门诊,血清,生化,3,10:16,10:20,10:26,正常,,6,10:30,11:14,73,120,否,前处理-手工台,HEM-01,OP-101
S0805-00671,2026-08-05,周三,09:46,07-10 早高峰,内分泌科病区,住院,全血,凝血,2,10:38,10:42,10:56,正常,,14,10:58,11:23,97,120,否,前处理-手工台,IMM-02,OP-102
S0805-00672,2026-08-05,周三,14:53,14-17,肾内科病区,住院,血清,血液,6,15:40,15:45,15:55,正常,,10,15:57,16:47,114,120,否,前处理-手工台,COAG-01,OP-107
S0805-00673,2026-08-05,周三,13:32,12-14,儿科门诊采血窗口,门诊,血清,微生物,5,13:49,13:54,14:02,正常,,8,14:09,16:26,174,120,是,前处理-B线,COAG-01,OP-106
S0805-00674,2026-08-05,周三,09:22,07-10 早高峰,肾内科病区,住院,全血,生化,16,09:43,09:45,10:08,正常,,23,10:15,10:48,86,120,否,前处理-手工台,BIO-01,OP-101
S0805-00675,2026-08-05,周三,14:00,14-17,门诊采血中心,门诊,血清,免疫,9,14:21,14:22,14:30,正常,,8,14:32,15:22,82,120,否,前处理-手工台,BIO-02,OP-102
S0805-00676,2026-08-05,周三,11:31,10-12,心内科病区,住院,其他,免疫,5,11:56,11:59,12:05,正常,,6,12:09,12:58,87,120,否,前处理-B线,IMM-02,OP-103
S0805-00677,2026-08-05,周三,10:17,10-12,呼吸科病区,住院,尿液,血液,2,10:55,10:57,11:02,正常,,5,11:07,11:53,96,120,否,前处理-A线,IMM-02,OP-105
S0805-00678,2026-08-05,周三,12:21,12-14,门诊采血中心,门诊,血清,血液,5,12:42,12:44,12:50,正常,,6,12:52,13:26,65,120,否,前处理-B线,BIO-02,OP-107
S0805-00679,2026-08-05,周三,11:54,10-12,消化科病区,住院,血清,免疫,9,12:40,12:42,12:49,正常,,7,12:56,13:36,102,120,否,前处理-手工台,MICRO-01,OP-106
S0805-00680,2026-08-05,周三,10:25,10-12,肾内科病区,住院,血清,免疫,5,11:19,11:22,11:29,正常,,7,11:34,12:24,119,120,否,前处理-B线,IMM-02,OP-107
S0805-00681,2026-08-05,周三,18:31,17-20,心内科病区,住院,血浆,微生物,2,19:08,19:13,19:18,正常,,5,19:21,00:02,331,120,是,前处理-手工台,BIO-01,OP-104
S0805-00682,2026-08-05,周三,17:38,17-20,呼吸科病区,住院,血清,免疫,18,18:33,18:37,18:44,正常,,7,18:48,19:30,112,120,否,前处理-A线,BIO-01,OP-102
S0805-00683,2026-08-05,周三,11:43,10-12,门诊采血中心,门诊,血清,凝血,2,11:52,11:56,12:03,正常,,7,12:09,12:57,74,120,否,前处理-A线,COAG-01,OP-107
S0805-00684,2026-08-05,周三,15:35,14-17,ICU,住院,血清,生化,16,16:11,16:12,16:21,正常,,9,16:27,17:06,91,90,是,前处理-B线,BIO-02,OP-103
S0805-00685,2026-08-05,周三,09:17,07-10 早高峰,心内科病区,住院,血清,生化,15,09:46,09:48,10:12,正常,,24,10:15,11:09,112,120,否,前处理-手工台,BIO-02,OP-104
S0805-00686,2026-08-05,周三,07:39,07-10 早高峰,儿科门诊采血窗口,门诊,血清,免疫,15,07:54,07:57,08:46,报错,溶血,49,08:49,09:10,91,120,否,前处理-手工台,HEM-01,OP-107
S0805-00687,2026-08-05,周三,07:06,07-10 早高峰,心内科病区,住院,全血,血液,6,07:38,07:40,07:58,正常,,18,08:00,08:55,109,120,否,前处理-A线,COAG-01,OP-104
S0805-00688,2026-08-05,周三,07:23,07-10 早高峰,肾内科病区,住院,血清,生化,9,08:03,08:07,08:21,正常,,14,08:25,09:07,104,120,否,前处理-A线,MICRO-01,OP-105
S0805-00689,2026-08-05,周三,17:52,17-20,体检中心,体检,血清,生化,17,18:14,18:16,18:21,正常,,5,18:24,19:17,85,240,否,前处理-B线,HEM-01,OP-101
S0805-00690,2026-08-05,周三,12:34,12-14,急诊采血,急诊,血浆,生化,6,12:47,12:48,12:58,正常,,10,13:00,13:44,70,60,是,前处理-B线,BIO-01,OP-102
S0805-00691,2026-08-05,周三,09:05,07-10 早高峰,门诊采血中心,门诊,血清,血液,4,09:29,09:34,09:58,正常,,24,10:03,10:52,107,120,否,前处理-A线,BIO-01,OP-108
S0805-00692,2026-08-05,周三,14:55,14-17,儿科门诊采血窗口,门诊,血浆,免疫,14,15:09,15:10,15:14,正常,,4,15:21,15:50,55,120,否,前处理-A线,HEM-01,OP-104
S0805-00693,2026-08-05,周三,12:09,12-14,门诊采血中心,门诊,血清,生化,2,12:19,12:22,12:27,正常,,5,12:32,13:16,67,120,否,前处理-手工台,IMM-02,OP-107
S0805-00694,2026-08-05,周三,08:44,07-10 早高峰,急诊采血,急诊,血清,免疫,15,08:56,08:59,09:20,正常,,21,09:27,10:06,82,60,是,前处理-B线,MICRO-01,OP-103
S0805-00695,2026-08-05,周三,07:38,07-10 早高峰,门诊采血中心,门诊,血浆,血液,6,07:51,07:57,08:18,正常,,21,08:26,08:48,70,120,否,前处理-手工台,IMM-01,OP-104
S0805-00696,2026-08-05,周三,07:17,07-10 早高峰,儿科门诊采血窗口,门诊,血清,生化,4,07:29,07:35,08:30,报错,样本量不足,55,08:32,09:15,118,120,否,前处理-B线,BIO-02,OP-102
S0805-00697,2026-08-05,周三,08:56,07-10 早高峰,门诊采血中心,门诊,全血,免疫,13,09:10,09:12,09:38,正常,,26,09:42,10:26,90,120,否,前处理-手工台,IMM-01,OP-107
S0805-00698,2026-08-05,周三,10:32,10-12,体检中心,体检,血清,生化,12,10:40,10:41,10:47,正常,,6,10:50,11:13,41,240,否,前处理-手工台,COAG-01,OP-105
S0805-00699,2026-08-05,周三,08:39,07-10 早高峰,内分泌科病区,住院,血清,生化,3,09:13,09:14,09:40,正常,,26,09:47,10:35,116,120,否,前处理-手工台,HEM-02,OP-101
S0805-00700,2026-08-05,周三,16:58,14-17,儿科门诊采血窗口,门诊,血浆,血液,6,17:13,17:14,17:23,正常,,9,17:31,17:58,60,120,否,前处理-A线,IMM-01,OP-107
S0805-00701,2026-08-05,周三,09:25,07-10 早高峰,急诊采血,急诊,血清,生化,9,09:49,09:55,10:47,报错,条码识别失败,52,10:52,11:41,136,60,是,前处理-手工台,MICRO-01,OP-104
S0805-00702,2026-08-05,周三,14:23,14-17,肾内科病区,住院,全血,血液,1,15:08,15:14,15:20,正常,,6,15:28,16:05,102,120,否,前处理-手工台,COAG-01,OP-107
S0805-00703,2026-08-05,周三,18:50,17-20,门诊采血中心,门诊,血清,生化,14,19:01,19:03,19:07,正常,,4,19:12,19:45,55,120,否,前处理-手工台,IMM-02,OP-108
S0805-00704,2026-08-05,周三,16:41,14-17,体检中心,体检,血清,微生物,2,16:51,16:56,17:06,正常,,10,17:11,20:12,211,240,否,前处理-手工台,BIO-01,OP-102
S0805-00705,2026-08-05,周三,16:13,14-17,呼吸科病区,住院,血清,血液,4,17:02,17:07,17:16,正常,,9,17:23,18:07,114,120,否,前处理-A线,HEM-02,OP-107
S0805-00706,2026-08-05,周三,11:57,10-12,门诊采血中心,门诊,血浆,免疫,4,12:21,12:23,12:28,正常,,5,12:32,13:19,82,120,否,前处理-手工台,MICRO-01,OP-104
S0805-00707,2026-08-05,周三,12:27,12-14,内分泌科病区,住院,血清,微生物,3,13:08,13:10,13:14,正常,,4,13:17,17:57,330,120,是,前处理-手工台,COAG-01,OP-106
S0805-00708,2026-08-05,周三,15:46,14-17,ICU,住院,血清,生化,2,16:15,16:17,16:26,正常,,9,16:29,16:55,69,90,否,前处理-手工台,BIO-02,OP-107
S0805-00709,2026-08-05,周三,10:09,10-12,门诊采血中心,门诊,血清,血液,1,10:33,10:37,10:47,正常,,10,10:55,11:48,99,120,否,前处理-A线,BIO-02,OP-103
S0805-00710,2026-08-05,周三,08:09,07-10 早高峰,体检中心,体检,血清,免疫,14,08:20,08:23,08:44,正常,,21,08:46,09:09,60,240,否,前处理-手工台,HEM-02,OP-103
S0805-00711,2026-08-05,周三,14:01,14-17,门诊采血中心,门诊,血清,血液,6,14:22,14:28,14:37,正常,,9,14:41,15:20,79,120,否,前处理-A线,HEM-01,OP-102
S0805-00712,2026-08-05,周三,11:32,10-12,肾内科病区,住院,全血,凝血,4,12:14,12:15,12:21,正常,,6,12:28,13:01,89,120,否,前处理-A线,BIO-01,OP-104
S0805-00713,2026-08-05,周三,14:59,14-17,内分泌科病区,住院,血清,生化,18,15:33,15:36,15:45,正常,,9,15:48,16:39,100,120,否,前处理-B线,COAG-01,OP-105
S0805-00714,2026-08-05,周三,11:41,10-12,急诊采血,急诊,血清,免疫,12,11:51,11:55,12:05,正常,,10,12:10,12:40,59,60,否,前处理-A线,BIO-01,OP-102
S0805-00715,2026-08-05,周三,10:23,10-12,儿科门诊采血窗口,门诊,血浆,免疫,9,10:33,10:35,10:40,正常,,5,10:44,11:05,42,120,否,前处理-手工台,HEM-01,OP-105
S0805-00716,2026-08-05,周三,07:45,07-10 早高峰,门诊采血中心,门诊,血清,血液,3,07:55,07:56,08:21,正常,,25,08:29,09:15,90,120,否,前处理-B线,MICRO-01,OP-103
S0805-00717,2026-08-05,周三,09:15,07-10 早高峰,肾内科病区,住院,血清,微生物,1,09:47,09:48,10:08,正常,,20,10:12,15:12,357,120,是,前处理-A线,MICRO-01,OP-102
S0805-00718,2026-08-05,周三,07:40,07-10 早高峰,呼吸科病区,住院,血清,生化,17,08:08,08:12,08:37,正常,,25,08:40,09:13,93,120,否,前处理-A线,IMM-02,OP-106
S0805-00719,2026-08-05,周三,07:02,07-10 早高峰,ICU,住院,血清,凝血,2,07:50,07:56,08:10,正常,,14,08:18,08:50,108,90,是,前处理-B线,BIO-01,OP-103
S0805-00720,2026-08-05,周三,18:11,17-20,内分泌科病区,住院,尿液,生化,1,19:03,19:05,19:14,正常,,9,19:17,20:05,114,120,否,前处理-手工台,BIO-01,OP-107
S0805-00721,2026-08-05,周三,08:13,07-10 早高峰,儿科门诊采血窗口,门诊,血浆,免疫,16,08:30,08:32,08:53,正常,,21,09:01,09:37,84,120,否,前处理-B线,BIO-02,OP-106
S0805-00722,2026-08-05,周三,08:45,07-10 早高峰,门诊采血中心,门诊,全血,生化,2,09:01,09:06,09:30,正常,,24,09:32,09:59,74,120,否,前处理-A线,BIO-01,OP-105
S0805-00723,2026-08-05,周三,15:44,14-17,心内科病区,住院,血清,免疫,12,16:32,16:35,16:41,正常,,6,16:49,17:25,101,120,否,前处理-A线,BIO-02,OP-107
S0805-00724,2026-08-05,周三,11:10,10-12,体检中心,体检,血清,生化,18,11:27,11:30,11:35,正常,,5,11:43,12:37,87,240,否,前处理-A线,COAG-01,OP-106
S0805-00725,2026-08-05,周三,16:16,14-17,体检中心,体检,血清,凝血,1,16:30,16:36,16:43,正常,,7,16:50,17:37,81,240,否,前处理-手工台,IMM-02,OP-108
S0805-00726,2026-08-05,周三,13:51,12-14,ICU,住院,其他,微生物,6,14:25,14:31,14:35,正常,,4,14:39,19:14,323,90,是,前处理-B线,BIO-01,OP-104
S0805-00727,2026-08-05,周三,09:26,07-10 早高峰,呼吸科病区,住院,血清,生化,17,10:15,10:16,10:43,正常,,27,10:50,11:32,126,120,是,前处理-B线,BIO-01,OP-102
S0805-00728,2026-08-05,周三,11:05,10-12,急诊采血,急诊,血清,生化,16,11:26,11:28,11:35,正常,,7,11:39,12:05,60,60,否,前处理-手工台,HEM-02,OP-108
S0805-00729,2026-08-05,周三,08:04,07-10 早高峰,儿科门诊采血窗口,门诊,血清,凝血,6,08:22,08:28,08:57,正常,,29,09:04,09:33,89,120,否,前处理-手工台,BIO-01,OP-103
S0805-00730,2026-08-05,周三,08:37,07-10 早高峰,ICU,住院,尿液,生化,1,09:09,09:15,09:42,正常,,27,09:47,10:31,114,90,是,前处理-A线,IMM-02,OP-105
S0805-00731,2026-08-05,周三,09:05,07-10 早高峰,门诊采血中心,门诊,全血,生化,13,09:29,09:35,09:56,正常,,21,10:01,10:48,103,120,否,前处理-B线,IMM-01,OP-101
S0805-00732,2026-08-05,周三,15:37,14-17,门诊采血中心,门诊,全血,生化,2,15:52,15:54,15:58,正常,,4,16:06,16:27,50,120,否,前处理-B线,BIO-02,OP-105
S0805-00733,2026-08-05,周三,11:13,10-12,门诊采血中心,门诊,血清,生化,11,11:23,11:28,11:34,正常,,6,11:38,12:33,80,120,否,前处理-A线,BIO-01,OP-103
S0805-00734,2026-08-05,周三,10:04,10-12,门诊采血中心,门诊,血清,微生物,4,10:29,10:34,10:40,正常,,6,10:44,14:46,282,120,是,前处理-A线,BIO-02,OP-108
S0805-00735,2026-08-05,周三,10:02,10-12,消化科病区,住院,血清,免疫,8,10:39,10:44,10:52,正常,,8,10:57,11:32,90,120,否,前处理-手工台,HEM-01,OP-101
S0805-00736,2026-08-05,周三,07:05,07-10 早高峰,门诊采血中心,门诊,血浆,免疫,2,07:26,07:29,07:47,正常,,18,07:55,08:32,87,120,否,前处理-B线,MICRO-01,OP-108
S0805-00737,2026-08-05,周三,07:00,07-10 早高峰,消化科病区,住院,血清,免疫,10,07:20,07:21,07:41,正常,,20,07:43,08:35,95,120,否,前处理-B线,IMM-01,OP-103
S0805-00738,2026-08-05,周三,11:51,10-12,消化科病区,住院,全血,血液,5,12:14,12:16,12:26,正常,,10,12:30,12:50,59,120,否,前处理-手工台,BIO-01,OP-106
S0805-00739,2026-08-05,周三,09:11,07-10 早高峰,儿科门诊采血窗口,门诊,血清,微生物,5,09:21,09:25,10:12,报错,样本量不足,47,10:20,14:27,316,120,是,前处理-B线,BIO-02,OP-101
S0805-00740,2026-08-05,周三,07:46,07-10 早高峰,ICU,住院,全血,生化,4,08:11,08:15,08:42,正常,,27,08:48,09:08,82,90,否,前处理-A线,HEM-02,OP-107
S0805-00741,2026-08-05,周三,14:10,14-17,急诊采血,急诊,血清,血液,2,14:22,14:27,14:33,正常,,6,14:38,15:32,82,60,是,前处理-A线,IMM-01,OP-108
S0805-00742,2026-08-05,周三,14:36,14-17,急诊采血,急诊,血清,生化,12,14:58,15:01,15:05,正常,,4,15:07,15:40,64,60,是,前处理-B线,HEM-02,OP-108
S0805-00743,2026-08-05,周三,09:01,07-10 早高峰,急诊采血,急诊,血清,生化,12,09:21,09:24,09:44,正常,,20,09:49,10:37,96,60,是,前处理-A线,HEM-01,OP-101
S0805-00744,2026-08-05,周三,15:48,14-17,消化科病区,住院,全血,生化,18,16:39,16:43,16:48,正常,,5,16:55,17:37,109,120,否,前处理-手工台,BIO-01,OP-108
S0805-00745,2026-08-05,周三,08:53,07-10 早高峰,内分泌科病区,住院,尿液,生化,14,09:30,09:36,09:54,正常,,18,10:00,10:36,103,120,否,前处理-A线,HEM-02,OP-105
S0805-00746,2026-08-05,周三,09:08,07-10 早高峰,内分泌科病区,住院,全血,生化,1,09:31,09:33,09:59,正常,,26,10:06,10:54,106,120,否,前处理-B线,COAG-01,OP-106
S0805-00747,2026-08-05,周三,13:55,12-14,门诊采血中心,门诊,血清,生化,10,14:06,14:12,14:20,正常,,8,14:24,14:49,54,120,否,前处理-A线,BIO-01,OP-101
S0805-00748,2026-08-05,周三,19:40,17-20,体检中心,体检,全血,免疫,8,20:01,20:06,20:12,正常,,6,20:14,21:02,82,240,否,前处理-B线,HEM-01,OP-104
S0805-00749,2026-08-05,周三,08:52,07-10 早高峰,急诊采血,急诊,血清,微生物,2,09:04,09:06,09:29,正常,,23,09:32,13:10,258,60,是,前处理-手工台,BIO-01,OP-103
S0805-00750,2026-08-05,周三,16:31,14-17,儿科门诊采血窗口,门诊,尿液,微生物,2,16:52,16:58,17:06,正常,,8,17:10,19:43,192,120,是,前处理-B线,HEM-02,OP-102
S0806-00751,2026-08-06,周四,16:32,14-17,儿科门诊采血窗口,门诊,血清,微生物,2,16:42,16:48,16:58,正常,,10,17:00,19:16,164,120,是,前处理-A线,HEM-01,OP-104
S0806-00752,2026-08-06,周四,11:56,10-12,儿科门诊采血窗口,门诊,血清,血液,6,12:18,12:23,12:32,正常,,9,12:34,12:58,62,120,否,前处理-B线,HEM-02,OP-108
S0806-00753,2026-08-06,周四,15:50,14-17,体检中心,体检,全血,血液,5,16:07,16:10,16:19,正常,,9,16:26,16:52,62,240,否,前处理-B线,IMM-01,OP-104
S0806-00754,2026-08-06,周四,11:48,10-12,体检中心,体检,血清,生化,11,12:00,12:04,12:13,正常,,9,12:21,13:11,83,240,否,前处理-B线,HEM-02,OP-104
S0806-00755,2026-08-06,周四,11:46,10-12,呼吸科病区,住院,血清,微生物,2,12:37,12:41,12:46,正常,,5,12:50,15:08,202,120,是,前处理-手工台,BIO-02,OP-101
S0806-00756,2026-08-06,周四,07:57,07-10 早高峰,心内科病区,住院,全血,生化,8,08:39,08:42,09:08,正常,,26,09:15,09:52,115,120,否,前处理-手工台,IMM-02,OP-103
S0806-00757,2026-08-06,周四,11:36,10-12,消化科病区,住院,全血,生化,18,12:21,12:23,12:28,正常,,5,12:32,13:18,102,120,否,前处理-手工台,COAG-01,OP-108
S0806-00758,2026-08-06,周四,07:48,07-10 早高峰,消化科病区,住院,血清,生化,7,08:16,08:19,08:39,正常,,20,08:41,09:07,79,120,否,前处理-A线,IMM-02,OP-101
S0806-00759,2026-08-06,周四,07:16,07-10 早高峰,儿科门诊采血窗口,门诊,尿液,免疫,6,07:25,07:27,07:42,正常,,15,07:45,08:33,77,120,否,前处理-A线,BIO-01,OP-102
S0806-00760,2026-08-06,周四,09:34,07-10 早高峰,门诊采血中心,门诊,血清,血液,5,09:48,09:54,10:20,正常,,26,10:25,10:47,73,120,否,前处理-A线,BIO-01,OP-106
S0806-00761,2026-08-06,周四,09:37,07-10 早高峰,门诊采血中心,门诊,血浆,生化,15,09:49,09:53,10:20,正常,,27,10:25,10:55,78,120,否,前处理-B线,IMM-02,OP-102
S0806-00762,2026-08-06,周四,08:43,07-10 早高峰,门诊采血中心,门诊,全血,微生物,5,08:53,08:55,09:19,正常,,24,09:27,14:04,321,120,是,前处理-A线,HEM-01,OP-108
S0806-00763,2026-08-06,周四,07:33,07-10 早高峰,儿科门诊采血窗口,门诊,血清,生化,11,07:53,07:55,08:45,报错,溶血,50,08:47,09:39,126,120,是,前处理-手工台,IMM-01,OP-108
S0806-00764,2026-08-06,周四,14:46,14-17,门诊采血中心,门诊,血清,免疫,9,15:06,15:11,15:17,正常,,6,15:20,16:03,77,120,否,前处理-手工台,MICRO-01,OP-101
S0806-00765,2026-08-06,周四,13:26,12-14,急诊采血,急诊,血清,生化,6,13:49,13:54,14:02,正常,,8,14:06,14:38,72,60,是,前处理-A线,IMM-02,OP-101
S0806-00766,2026-08-06,周四,11:45,10-12,呼吸科病区,住院,全血,血液,4,12:28,12:33,12:43,正常,,10,12:45,13:19,94,120,否,前处理-A线,BIO-02,OP-106
S0806-00767,2026-08-06,周四,08:49,07-10 早高峰,门诊采血中心,门诊,血清,凝血,1,09:05,09:11,09:57,报错,样本量不足,46,10:03,10:34,105,120,否,前处理-B线,BIO-01,OP-107
S0806-00768,2026-08-06,周四,11:13,10-12,儿科门诊采血窗口,门诊,全血,血液,6,11:24,11:29,11:33,正常,,4,11:36,11:56,43,120,否,前处理-A线,HEM-01,OP-104
S0806-00769,2026-08-06,周四,14:09,14-17,急诊采血,急诊,血清,凝血,3,14:24,14:26,14:31,正常,,5,14:37,15:26,77,60,是,前处理-B线,IMM-02,OP-106
S0806-00770,2026-08-06,周四,09:44,07-10 早高峰,儿科门诊采血窗口,门诊,血清,生化,12,09:57,10:01,10:24,正常,,23,10:26,10:51,67,120,否,前处理-B线,BIO-02,OP-103
S0806-00771,2026-08-06,周四,16:51,14-17,呼吸科病区,住院,血清,血液,2,17:22,17:27,17:36,正常,,9,17:42,18:25,94,120,否,前处理-手工台,IMM-02,OP-102
S0806-00772,2026-08-06,周四,15:20,14-17,体检中心,体检,血清,免疫,6,15:31,15:32,15:42,正常,,10,15:48,16:30,70,240,否,前处理-B线,BIO-01,OP-101
S0806-00773,2026-08-06,周四,07:02,07-10 早高峰,儿科门诊采血窗口,门诊,其他,凝血,5,07:26,07:29,07:52,正常,,23,07:58,08:30,88,120,否,前处理-B线,COAG-01,OP-108
S0806-00774,2026-08-06,周四,08:03,07-10 早高峰,门诊采血中心,门诊,全血,血液,2,08:18,08:19,08:42,正常,,23,08:48,09:17,74,120,否,前处理-B线,COAG-01,OP-107
S0806-00775,2026-08-06,周四,08:31,07-10 早高峰,儿科门诊采血窗口,门诊,全血,免疫,14,08:42,08:47,09:26,报错,条码识别失败,39,09:28,10:19,108,120,否,前处理-手工台,IMM-01,OP-103
S0806-00776,2026-08-06,周四,07:45,07-10 早高峰,ICU,住院,其他,免疫,15,08:24,08:30,08:50,正常,,20,08:57,09:32,107,90,是,前处理-A线,BIO-01,OP-102
S0806-00777,2026-08-06,周四,09:15,07-10 早高峰,内分泌科病区,住院,血清,生化,18,09:39,09:40,09:59,正常,,19,10:05,10:32,77,120,否,前处理-手工台,COAG-01,OP-101
S0806-00778,2026-08-06,周四,09:23,07-10 早高峰,心内科病区,住院,血浆,免疫,11,10:17,10:21,10:45,正常,,24,10:52,11:12,109,120,否,前处理-B线,IMM-01,OP-106
S0806-00779,2026-08-06,周四,07:33,07-10 早高峰,消化科病区,住院,全血,微生物,4,08:23,08:28,08:48,正常,,20,08:53,12:57,324,120,是,前处理-B线,IMM-02,OP-107
S0806-00780,2026-08-06,周四,14:05,14-17,内分泌科病区,住院,血清,生化,15,14:56,15:01,15:07,正常,,6,15:14,15:57,112,120,否,前处理-手工台,IMM-02,OP-105
S0806-00781,2026-08-06,周四,08:35,07-10 早高峰,儿科门诊采血窗口,门诊,血清,生化,8,08:46,08:52,09:12,正常,,20,09:16,10:07,92,120,否,前处理-A线,IMM-02,OP-103
S0806-00782,2026-08-06,周四,09:21,07-10 早高峰,门诊采血中心,门诊,尿液,生化,3,09:29,09:30,09:46,正常,,16,09:48,10:14,53,120,否,前处理-B线,IMM-02,OP-107
S0806-00783,2026-08-06,周四,08:33,07-10 早高峰,呼吸科病区,住院,血清,免疫,3,09:24,09:30,09:56,正常,,26,10:03,10:29,116,120,否,前处理-手工台,BIO-02,OP-105
S0806-00784,2026-08-06,周四,10:29,10-12,门诊采血中心,门诊,血浆,微生物,6,10:43,10:47,10:53,正常,,6,10:55,14:52,263,120,是,前处理-A线,HEM-01,OP-101
S0806-00785,2026-08-06,周四,08:16,07-10 早高峰,急诊采血,急诊,血清,免疫,12,08:31,08:35,08:55,正常,,20,09:03,09:26,70,60,是,前处理-手工台,IMM-02,OP-104
S0806-00786,2026-08-06,周四,10:42,10-12,肾内科病区,住院,其他,免疫,7,11:27,11:31,11:41,正常,,10,11:44,12:10,88,120,否,前处理-手工台,IMM-01,OP-102
S0806-00787,2026-08-06,周四,17:24,17-20,急诊采血,急诊,血浆,血液,5,17:34,17:40,17:49,正常,,9,17:52,18:36,72,60,是,前处理-B线,BIO-02,OP-105
S0806-00788,2026-08-06,周四,07:07,07-10 早高峰,呼吸科病区,住院,尿液,凝血,4,07:45,07:50,08:09,正常,,19,08:11,08:48,101,120,否,前处理-A线,MICRO-01,OP-105
S0806-00789,2026-08-06,周四,08:25,07-10 早高峰,儿科门诊采血窗口,门诊,血清,生化,18,08:50,08:55,09:12,正常,,17,09:15,10:10,105,120,否,前处理-手工台,IMM-01,OP-101
S0806-00790,2026-08-06,周四,13:44,12-14,儿科门诊采血窗口,门诊,全血,生化,8,14:07,14:10,14:20,正常,,10,14:27,14:49,65,120,否,前处理-手工台,IMM-01,OP-108
S0806-00791,2026-08-06,周四,14:58,14-17,肾内科病区,住院,血清,生化,1,15:36,15:37,15:47,正常,,10,15:54,16:39,101,120,否,前处理-手工台,BIO-02,OP-108
S0806-00792,2026-08-06,周四,09:35,07-10 早高峰,儿科门诊采血窗口,门诊,血清,生化,5,09:58,10:02,10:26,正常,,24,10:31,11:11,96,120,否,前处理-手工台,BIO-02,OP-108
S0806-00793,2026-08-06,周四,09:06,07-10 早高峰,门诊采血中心,门诊,血清,血液,6,09:30,09:33,09:49,正常,,16,09:55,10:46,100,120,否,前处理-A线,COAG-01,OP-101
S0806-00794,2026-08-06,周四,09:14,07-10 早高峰,门诊采血中心,门诊,血清,血液,1,09:33,09:36,09:48,正常,,12,09:54,10:31,77,120,否,前处理-A线,COAG-01,OP-104
S0806-00795,2026-08-06,周四,09:54,07-10 早高峰,肾内科病区,住院,血清,生化,6,10:25,10:31,10:47,正常,,16,10:52,11:13,79,120,否,前处理-A线,HEM-02,OP-107
S0806-00796,2026-08-06,周四,08:51,07-10 早高峰,肾内科病区,住院,血清,免疫,14,09:33,09:39,10:05,正常,,26,10:07,10:51,120,120,否,前处理-B线,BIO-02,OP-106
S0806-00797,2026-08-06,周四,11:11,10-12,门诊采血中心,门诊,血清,血液,5,11:34,11:35,11:44,正常,,9,11:47,12:30,79,120,否,前处理-手工台,HEM-01,OP-105
S0806-00798,2026-08-06,周四,08:01,07-10 早高峰,体检中心,体检,尿液,微生物,5,08:24,08:27,08:53,正常,,26,09:00,11:26,205,240,否,前处理-B线,IMM-02,OP-101
S0806-00799,2026-08-06,周四,14:37,14-17,门诊采血中心,门诊,血清,血液,2,15:02,15:03,15:11,正常,,8,15:15,16:10,93,120,否,前处理-手工台,HEM-01,OP-104
S0806-00800,2026-08-06,周四,13:48,12-14,门诊采血中心,门诊,全血,生化,7,14:09,14:12,14:22,正常,,10,14:28,14:51,63,120,否,前处理-A线,IMM-02,OP-108
S0806-00801,2026-08-06,周四,08:30,07-10 早高峰,消化科病区,住院,血清,生化,4,09:01,09:07,09:23,正常,,16,09:27,09:54,84,120,否,前处理-B线,MICRO-01,OP-102
S0806-00802,2026-08-06,周四,14:40,14-17,心内科病区,住院,血浆,生化,3,15:28,15:34,15:38,正常,,4,15:44,16:13,93,120,否,前处理-手工台,IMM-01,OP-103
S0806-00803,2026-08-06,周四,11:44,10-12,儿科门诊采血窗口,门诊,全血,血液,3,12:09,12:14,12:20,正常,,6,12:23,13:03,79,120,否,前处理-A线,BIO-02,OP-106
S0806-00804,2026-08-06,周四,13:19,12-14,门诊采血中心,门诊,血清,生化,2,13:38,13:39,13:48,正常,,9,13:50,14:18,59,120,否,前处理-A线,MICRO-01,OP-107
S0806-00805,2026-08-06,周四,11:21,10-12,门诊采血中心,门诊,全血,微生物,3,11:31,11:32,11:42,正常,,10,11:48,15:15,234,120,是,前处理-手工台,IMM-01,OP-101
S0806-00806,2026-08-06,周四,11:43,10-12,急诊采血,急诊,血清,凝血,6,12:08,12:09,12:13,正常,,4,12:15,12:54,71,60,是,前处理-A线,BIO-02,OP-101
S0806-00807,2026-08-06,周四,09:52,07-10 早高峰,门诊采血中心,门诊,全血,血液,4,10:13,10:19,10:40,正常,,21,10:46,11:41,109,120,否,前处理-手工台,IMM-01,OP-108
S0806-00808,2026-08-06,周四,08:19,07-10 早高峰,肾内科病区,住院,其他,血液,2,08:58,09:04,09:19,正常,,15,09:26,09:56,97,120,否,前处理-手工台,BIO-01,OP-103
S0806-00809,2026-08-06,周四,13:46,12-14,门诊采血中心,门诊,血清,生化,1,14:11,14:14,14:19,正常,,5,14:25,15:16,90,120,否,前处理-B线,COAG-01,OP-101
S0806-00810,2026-08-06,周四,08:36,07-10 早高峰,门诊采血中心,门诊,血清,凝血,3,09:00,09:02,09:25,正常,,23,09:29,10:00,84,120,否,前处理-A线,IMM-02,OP-103
S0806-00811,2026-08-06,周四,14:59,14-17,儿科门诊采血窗口,门诊,全血,血液,4,15:09,15:15,15:24,正常,,9,15:28,15:51,52,120,否,前处理-B线,HEM-01,OP-103
S0806-00812,2026-08-06,周四,15:13,14-17,肾内科病区,住院,血清,血液,3,15:38,15:44,15:53,正常,,9,16:01,16:43,90,120,否,前处理-A线,IMM-01,OP-106
S0806-00813,2026-08-06,周四,08:08,07-10 早高峰,门诊采血中心,门诊,血清,血液,4,08:29,08:30,08:59,正常,,29,09:02,09:50,102,120,否,前处理-手工台,HEM-01,OP-106
S0806-00814,2026-08-06,周四,17:53,17-20,体检中心,体检,尿液,免疫,2,18:10,18:15,18:21,正常,,6,18:29,19:20,87,240,否,前处理-B线,HEM-01,OP-107
S0806-00815,2026-08-06,周四,11:24,10-12,消化科病区,住院,血清,微生物,3,12:06,12:12,12:22,正常,,10,12:29,15:39,255,120,是,前处理-B线,HEM-01,OP-103
S0806-00816,2026-08-06,周四,09:51,07-10 早高峰,消化科病区,住院,血清,免疫,10,10:30,10:31,10:51,正常,,20,10:53,11:44,113,120,否,前处理-B线,HEM-01,OP-108
S0806-00817,2026-08-06,周四,19:36,17-20,门诊采血中心,门诊,血清,生化,5,19:51,19:54,19:59,正常,,5,20:02,20:42,66,120,否,前处理-B线,COAG-01,OP-108
S0806-00818,2026-08-06,周四,09:15,07-10 早高峰,门诊采血中心,门诊,血清,生化,16,09:33,09:38,09:59,正常,,21,10:05,10:30,75,120,否,前处理-A线,BIO-02,OP-107
S0806-00819,2026-08-06,周四,09:10,07-10 早高峰,门诊采血中心,门诊,血浆,生化,9,09:26,09:27,09:49,正常,,22,09:53,10:22,72,120,否,前处理-B线,COAG-01,OP-107
S0806-00820,2026-08-06,周四,15:27,14-17,内分泌科病区,住院,全血,免疫,15,16:12,16:18,16:22,正常,,4,16:30,17:06,99,120,否,前处理-A线,HEM-02,OP-107
S0806-00821,2026-08-06,周四,10:45,10-12,肾内科病区,住院,全血,生化,11,11:21,11:22,11:50,报错,溶血,28,11:55,12:20,95,120,否,前处理-A线,IMM-01,OP-102
S0806-00822,2026-08-06,周四,08:14,07-10 早高峰,呼吸科病区,住院,全血,生化,16,08:49,08:53,09:13,正常,,20,09:21,10:16,122,120,是,前处理-A线,IMM-01,OP-107
S0806-00823,2026-08-06,周四,14:30,14-17,儿科门诊采血窗口,门诊,血清,免疫,12,14:54,14:56,15:01,正常,,5,15:03,15:52,82,120,否,前处理-A线,BIO-02,OP-102
S0806-00824,2026-08-06,周四,12:50,12-14,门诊采血中心,门诊,血清,免疫,6,13:01,13:07,13:13,正常,,6,13:17,13:59,69,120,否,前处理-A线,HEM-01,OP-107
S0806-00825,2026-08-06,周四,11:12,10-12,儿科门诊采血窗口,门诊,血清,免疫,17,11:27,11:28,11:36,正常,,8,11:38,12:09,57,120,否,前处理-A线,COAG-01,OP-103
S0806-00826,2026-08-06,周四,19:05,17-20,ICU,住院,血浆,免疫,5,19:45,19:50,20:18,报错,离心异常,28,20:22,20:43,98,90,是,前处理-B线,COAG-01,OP-103
S0806-00827,2026-08-06,周四,19:33,17-20,心内科病区,住院,全血,生化,2,20:17,20:19,20:25,正常,,6,20:27,21:09,96,120,否,前处理-A线,BIO-02,OP-105
S0806-00828,2026-08-06,周四,14:57,14-17,急诊采血,急诊,血浆,生化,7,15:13,15:16,15:24,正常,,8,15:27,16:03,66,60,是,前处理-A线,BIO-01,OP-102
S0806-00829,2026-08-06,周四,14:43,14-17,门诊采血中心,门诊,血清,凝血,6,14:51,14:56,15:04,正常,,8,15:06,15:42,59,120,否,前处理-B线,HEM-02,OP-105
S0806-00830,2026-08-06,周四,08:57,07-10 早高峰,门诊采血中心,门诊,全血,免疫,2,09:16,09:18,09:42,正常,,24,09:46,10:29,92,120,否,前处理-A线,HEM-02,OP-103
S0806-00831,2026-08-06,周四,09:40,07-10 早高峰,体检中心,体检,血清,血液,6,09:49,09:51,10:05,正常,,14,10:11,10:56,76,240,否,前处理-B线,BIO-01,OP-101
S0806-00832,2026-08-06,周四,19:28,17-20,ICU,住院,血清,生化,9,20:04,20:08,20:13,正常,,5,20:21,21:16,108,90,是,前处理-B线,COAG-01,OP-105
S0806-00833,2026-08-06,周四,09:50,07-10 早高峰,急诊采血,急诊,血清,生化,16,10:14,10:19,10:40,正常,,21,10:45,11:26,96,60,是,前处理-A线,IMM-01,OP-105
S0806-00834,2026-08-06,周四,09:55,07-10 早高峰,儿科门诊采血窗口,门诊,全血,血液,3,10:06,10:09,10:26,正常,,17,10:34,11:00,65,120,否,前处理-A线,HEM-02,OP-103
S0806-00835,2026-08-06,周四,09:31,07-10 早高峰,门诊采血中心,门诊,血清,生化,16,09:47,09:50,10:11,正常,,21,10:19,11:05,94,120,否,前处理-手工台,HEM-01,OP-108
S0806-00836,2026-08-06,周四,16:19,14-17,ICU,住院,全血,免疫,11,16:55,16:59,17:07,正常,,8,17:13,18:01,102,90,是,前处理-A线,IMM-01,OP-103
S0806-00837,2026-08-06,周四,09:13,07-10 早高峰,消化科病区,住院,血清,血液,6,09:55,09:56,10:20,正常,,24,10:27,11:14,121,120,是,前处理-A线,IMM-02,OP-108
S0806-00838,2026-08-06,周四,11:01,10-12,门诊采血中心,门诊,血清,生化,5,11:09,11:10,11:20,正常,,10,11:28,12:14,73,120,否,前处理-手工台,COAG-01,OP-104
S0806-00839,2026-08-06,周四,09:11,07-10 早高峰,体检中心,体检,血清,生化,9,09:20,09:24,09:47,正常,,23,09:49,10:40,89,240,否,前处理-A线,BIO-02,OP-102
S0806-00840,2026-08-06,周四,12:39,12-14,门诊采血中心,门诊,血清,免疫,2,12:47,12:49,12:59,正常,,10,13:07,13:46,67,120,否,前处理-B线,IMM-01,OP-105
S0806-00841,2026-08-06,周四,11:15,10-12,肾内科病区,住院,血清,免疫,16,11:52,11:55,12:05,正常,,10,12:09,12:50,95,120,否,前处理-B线,BIO-01,OP-103
S0806-00842,2026-08-06,周四,13:23,12-14,儿科门诊采血窗口,门诊,全血,生化,17,13:41,13:42,13:47,正常,,5,13:49,14:29,66,120,否,前处理-B线,IMM-02,OP-106
S0806-00843,2026-08-06,周四,14:27,14-17,心内科病区,住院,尿液,凝血,2,15:07,15:11,15:20,正常,,9,15:23,16:00,93,120,否,前处理-B线,HEM-02,OP-108
S0806-00844,2026-08-06,周四,09:34,07-10 早高峰,急诊采血,急诊,血清,血液,1,09:52,09:55,10:15,正常,,20,10:21,10:54,80,60,是,前处理-B线,MICRO-01,OP-103
S0806-00845,2026-08-06,周四,08:11,07-10 早高峰,儿科门诊采血窗口,门诊,全血,免疫,4,08:36,08:42,09:33,报错,条码识别失败,51,09:40,10:20,129,120,是,前处理-手工台,BIO-01,OP-107
S0806-00846,2026-08-06,周四,11:46,10-12,心内科病区,住院,尿液,凝血,3,12:28,12:32,12:41,正常,,9,12:44,13:18,92,120,否,前处理-手工台,IMM-01,OP-104
S0806-00847,2026-08-06,周四,12:00,12-14,ICU,住院,血清,免疫,1,12:32,12:38,12:47,正常,,9,12:55,13:17,77,90,否,前处理-B线,HEM-01,OP-101
S0806-00848,2026-08-06,周四,11:48,10-12,心内科病区,住院,全血,凝血,4,12:35,12:37,12:43,正常,,6,12:46,13:24,96,120,否,前处理-手工台,IMM-02,OP-101
S0806-00849,2026-08-06,周四,17:22,17-20,儿科门诊采血窗口,门诊,血清,生化,17,17:33,17:39,17:44,正常,,5,17:52,18:28,66,120,否,前处理-手工台,BIO-01,OP-103
S0806-00850,2026-08-06,周四,07:16,07-10 早高峰,体检中心,体检,血清,凝血,6,07:33,07:37,07:50,正常,,13,07:55,08:39,83,240,否,前处理-A线,HEM-02,OP-103
S0806-00851,2026-08-06,周四,10:17,10-12,内分泌科病区,住院,血浆,凝血,6,10:41,10:47,10:57,正常,,10,10:59,11:19,62,120,否,前处理-手工台,IMM-01,OP-103
S0806-00852,2026-08-06,周四,08:49,07-10 早高峰,急诊采血,急诊,全血,血液,6,09:13,09:16,09:33,正常,,17,09:40,10:15,86,60,是,前处理-手工台,HEM-02,OP-101
S0806-00853,2026-08-06,周四,07:38,07-10 早高峰,儿科门诊采血窗口,门诊,尿液,生化,4,07:52,07:55,08:31,报错,样本量不足,36,08:33,09:20,102,120,否,前处理-B线,IMM-02,OP-106
S0806-00854,2026-08-06,周四,10:44,10-12,急诊采血,急诊,血浆,免疫,13,10:56,10:57,11:01,正常,,4,11:05,11:38,54,60,否,前处理-A线,IMM-02,OP-106
S0806-00855,2026-08-06,周四,09:14,07-10 早高峰,心内科病区,住院,血清,免疫,8,09:39,09:42,10:05,正常,,23,10:10,10:53,99,120,否,前处理-手工台,IMM-01,OP-104
S0806-00856,2026-08-06,周四,09:14,07-10 早高峰,ICU,住院,全血,凝血,3,09:48,09:50,10:07,正常,,17,10:14,11:09,115,90,是,前处理-手工台,IMM-01,OP-104
S0806-00857,2026-08-06,周四,11:58,10-12,门诊采血中心,门诊,全血,生化,15,12:08,12:10,12:16,正常,,6,12:24,12:54,56,120,否,前处理-B线,BIO-02,OP-104
S0806-00858,2026-08-06,周四,09:12,07-10 早高峰,儿科门诊采血窗口,门诊,尿液,血液,5,09:37,09:40,10:08,正常,,28,10:11,10:46,94,120,否,前处理-手工台,IMM-02,OP-101
S0806-00859,2026-08-06,周四,16:56,14-17,门诊采血中心,门诊,血清,微生物,4,17:20,17:23,17:33,正常,,10,17:40,22:40,344,120,是,前处理-B线,BIO-02,OP-105
S0806-00860,2026-08-06,周四,14:33,14-17,门诊采血中心,门诊,其他,免疫,2,14:54,14:56,15:02,正常,,6,15:04,15:53,80,120,否,前处理-手工台,IMM-01,OP-101
S0806-00861,2026-08-06,周四,08:28,07-10 早高峰,内分泌科病区,住院,血清,生化,4,09:11,09:16,09:34,正常,,18,09:39,10:08,100,120,否,前处理-手工台,BIO-01,OP-102
S0806-00862,2026-08-06,周四,07:11,07-10 早高峰,ICU,住院,尿液,生化,12,07:43,07:44,08:09,正常,,25,08:11,08:43,92,90,是,前处理-手工台,MICRO-01,OP-105
S0806-00863,2026-08-06,周四,09:44,07-10 早高峰,儿科门诊采血窗口,门诊,血清,生化,18,10:05,10:11,10:34,正常,,23,10:39,11:24,100,120,否,前处理-A线,HEM-02,OP-108
S0806-00864,2026-08-06,周四,10:23,10-12,门诊采血中心,门诊,血清,生化,13,10:44,10:48,10:55,正常,,7,10:58,11:51,88,120,否,前处理-手工台,BIO-02,OP-106
S0806-00865,2026-08-06,周四,08:01,07-10 早高峰,心内科病区,住院,全血,血液,2,08:55,09:01,09:22,正常,,21,09:25,10:16,135,120,是,前处理-A线,IMM-02,OP-104
S0806-00866,2026-08-06,周四,10:02,10-12,门诊采血中心,门诊,其他,生化,5,10:19,10:20,10:24,正常,,4,10:27,11:16,74,120,否,前处理-手工台,IMM-01,OP-107
S0806-00867,2026-08-06,周四,14:00,14-17,ICU,住院,尿液,生化,4,14:45,14:46,14:51,正常,,5,14:54,15:42,102,90,是,前处理-手工台,IMM-02,OP-103
S0806-00868,2026-08-06,周四,09:55,07-10 早高峰,肾内科病区,住院,血清,血液,3,10:45,10:49,11:09,正常,,20,11:13,11:38,103,120,否,前处理-手工台,HEM-01,OP-105
S0806-00869,2026-08-06,周四,17:58,17-20,呼吸科病区,住院,血清,生化,11,18:23,18:26,18:32,正常,,6,18:40,19:31,93,120,否,前处理-A线,HEM-01,OP-104
S0806-00870,2026-08-06,周四,10:47,10-12,门诊采血中心,门诊,血清,血液,2,11:05,11:07,11:17,正常,,10,11:20,11:42,55,120,否,前处理-A线,MICRO-01,OP-105
S0806-00871,2026-08-06,周四,08:52,07-10 早高峰,心内科病区,住院,血清,微生物,1,09:15,09:20,09:36,正常,,16,09:43,12:05,193,120,是,前处理-A线,HEM-01,OP-105
S0806-00872,2026-08-06,周四,07:04,07-10 早高峰,内分泌科病区,住院,血清,生化,4,07:28,07:31,08:01,正常,,30,08:07,08:39,95,120,否,前处理-A线,BIO-01,OP-103
S0806-00873,2026-08-06,周四,12:06,12-14,急诊采血,急诊,血清,生化,7,12:29,12:32,12:41,正常,,9,12:44,13:08,62,60,是,前处理-B线,COAG-01,OP-107
S0806-00874,2026-08-06,周四,18:34,17-20,门诊采血中心,门诊,血清,血液,5,18:42,18:46,19:04,报错,离心异常,18,19:10,19:58,84,120,否,前处理-B线,HEM-02,OP-104
S0806-00875,2026-08-06,周四,09:56,07-10 早高峰,体检中心,体检,血清,免疫,5,10:11,10:17,10:44,正常,,27,10:52,11:30,94,240,否,前处理-B线,IMM-01,OP-107
S0806-00876,2026-08-06,周四,08:35,07-10 早高峰,儿科门诊采血窗口,门诊,血清,微生物,6,08:52,08:53,09:17,正常,,24,09:24,14:13,338,120,是,前处理-B线,COAG-01,OP-103
S0806-00877,2026-08-06,周四,14:43,14-17,消化科病区,住院,血浆,免疫,10,15:36,15:39,15:48,正常,,9,15:51,16:33,110,120,否,前处理-手工台,IMM-01,OP-102
S0806-00878,2026-08-06,周四,09:02,07-10 早高峰,消化科病区,住院,血清,生化,6,09:24,09:29,09:56,正常,,27,10:04,10:59,117,120,否,前处理-B线,COAG-01,OP-101
S0806-00879,2026-08-06,周四,11:56,10-12,门诊采血中心,门诊,血清,生化,12,12:20,12:22,12:45,报错,样本凝集,23,12:53,13:29,93,120,否,前处理-A线,MICRO-01,OP-107
S0806-00880,2026-08-06,周四,07:12,07-10 早高峰,肾内科病区,住院,血浆,血液,1,07:35,07:36,07:55,正常,,19,07:59,08:44,92,120,否,前处理-A线,IMM-01,OP-108
S0806-00881,2026-08-06,周四,08:16,07-10 早高峰,肾内科病区,住院,全血,生化,7,08:50,08:54,09:17,正常,,23,09:21,09:54,98,120,否,前处理-A线,IMM-01,OP-101
S0806-00882,2026-08-06,周四,13:06,12-14,门诊采血中心,门诊,血清,微生物,2,13:29,13:30,13:36,正常,,6,13:44,18:02,296,120,是,前处理-B线,IMM-01,OP-102
S0806-00883,2026-08-06,周四,10:59,10-12,急诊采血,急诊,全血,生化,8,11:16,11:21,11:29,正常,,8,11:37,12:20,81,60,是,前处理-手工台,MICRO-01,OP-102
S0806-00884,2026-08-06,周四,11:48,10-12,呼吸科病区,住院,血清,微生物,6,12:16,12:22,12:28,正常,,6,12:33,15:22,214,120,是,前处理-B线,HEM-02,OP-103
S0806-00885,2026-08-06,周四,14:37,14-17,消化科病区,住院,血清,血液,3,15:25,15:26,15:32,正常,,6,15:36,16:28,111,120,否,前处理-B线,BIO-02,OP-104
S0806-00886,2026-08-06,周四,07:38,07-10 早高峰,门诊采血中心,门诊,血清,免疫,9,08:02,08:08,08:32,正常,,24,08:35,09:01,83,120,否,前处理-手工台,IMM-01,OP-105
S0806-00887,2026-08-06,周四,10:29,10-12,儿科门诊采血窗口,门诊,全血,生化,16,10:48,10:49,10:56,正常,,7,10:59,11:33,64,120,否,前处理-手工台,BIO-02,OP-107
S0806-00888,2026-08-06,周四,09:40,07-10 早高峰,门诊采血中心,门诊,血清,血液,4,10:01,10:07,10:30,正常,,23,10:36,11:25,105,120,否,前处理-手工台,COAG-01,OP-105
S0806-00889,2026-08-06,周四,15:07,14-17,门诊采血中心,门诊,全血,生化,11,15:28,15:31,15:37,正常,,6,15:42,16:31,84,120,否,前处理-B线,HEM-01,OP-102
S0806-00890,2026-08-06,周四,10:43,10-12,门诊采血中心,门诊,全血,血液,4,11:05,11:08,11:14,正常,,6,11:20,11:55,72,120,否,前处理-手工台,IMM-01,OP-106
S0806-00891,2026-08-06,周四,08:12,07-10 早高峰,内分泌科病区,住院,血清,生化,17,09:03,09:06,09:19,正常,,13,09:22,10:08,116,120,否,前处理-A线,IMM-02,OP-107
S0806-00892,2026-08-06,周四,07:35,07-10 早高峰,门诊采血中心,门诊,其他,血液,3,07:46,07:50,08:21,正常,,31,08:24,08:58,83,120,否,前处理-B线,BIO-01,OP-101
S0806-00893,2026-08-06,周四,17:05,17-20,内分泌科病区,住院,血清,生化,13,17:55,18:00,18:06,正常,,6,18:11,18:59,114,120,否,前处理-A线,HEM-01,OP-102
S0806-00894,2026-08-06,周四,14:25,14-17,门诊采血中心,门诊,全血,生化,16,14:38,14:44,14:49,正常,,5,14:55,15:47,82,120,否,前处理-B线,BIO-02,OP-108
S0806-00895,2026-08-06,周四,11:34,10-12,儿科门诊采血窗口,门诊,血清,免疫,4,11:51,11:54,12:04,正常,,10,12:10,12:34,60,120,否,前处理-手工台,BIO-02,OP-102
S0806-00896,2026-08-06,周四,17:14,17-20,急诊采血,急诊,血清,生化,11,17:31,17:32,17:37,正常,,5,17:39,18:18,64,60,是,前处理-B线,IMM-01,OP-107
S0806-00897,2026-08-06,周四,17:14,17-20,ICU,住院,血清,血液,4,18:00,18:01,18:10,正常,,9,18:16,19:01,107,90,是,前处理-手工台,BIO-01,OP-108
S0806-00898,2026-08-06,周四,11:55,10-12,肾内科病区,住院,全血,血液,1,12:29,12:33,12:40,正常,,7,12:42,13:14,79,120,否,前处理-手工台,HEM-02,OP-103
S0806-00899,2026-08-06,周四,11:42,10-12,门诊采血中心,门诊,血清,血液,6,11:57,12:02,12:06,正常,,4,12:08,12:49,67,120,否,前处理-A线,HEM-01,OP-104
S0806-00900,2026-08-06,周四,09:37,07-10 早高峰,ICU,住院,血清,生化,3,10:11,10:16,10:46,正常,,30,10:50,11:37,120,90,是,前处理-B线,BIO-02,OP-107
S0806-00901,2026-08-06,周四,15:52,14-17,心内科病区,住院,全血,血液,5,16:41,16:42,16:50,正常,,8,16:54,17:18,86,120,否,前处理-手工台,COAG-01,OP-102
S0806-00902,2026-08-06,周四,08:33,07-10 早高峰,急诊采血,急诊,血清,凝血,6,08:58,09:01,09:20,正常,,19,09:26,10:08,95,60,是,前处理-A线,IMM-02,OP-101
S0806-00903,2026-08-06,周四,07:15,07-10 早高峰,消化科病区,住院,血清,免疫,4,08:10,08:11,08:28,正常,,17,08:35,09:19,124,120,是,前处理-A线,IMM-02,OP-107
S0806-00904,2026-08-06,周四,11:12,10-12,儿科门诊采血窗口,门诊,血清,凝血,6,11:34,11:36,11:40,正常,,4,11:43,12:13,61,120,否,前处理-手工台,MICRO-01,OP-102
S0806-00905,2026-08-06,周四,16:50,14-17,儿科门诊采血窗口,门诊,血清,血液,5,17:09,17:14,17:23,正常,,9,17:27,18:10,80,120,否,前处理-A线,IMM-02,OP-102
S0806-00906,2026-08-06,周四,14:37,14-17,门诊采血中心,门诊,血清,生化,11,14:57,15:02,15:09,正常,,7,15:12,15:52,75,120,否,前处理-B线,COAG-01,OP-102
S0806-00907,2026-08-06,周四,14:42,14-17,体检中心,体检,全血,凝血,5,14:55,14:59,15:04,正常,,5,15:12,15:42,60,240,否,前处理-A线,BIO-02,OP-101
S0806-00908,2026-08-06,周四,11:40,10-12,急诊采血,急诊,全血,免疫,14,12:02,12:05,12:12,正常,,7,12:18,12:56,76,60,是,前处理-B线,BIO-01,OP-108
S0806-00909,2026-08-06,周四,11:45,10-12,ICU,住院,血清,凝血,4,12:36,12:37,12:46,正常,,9,12:48,13:39,114,90,是,前处理-B线,HEM-02,OP-102
S0806-00910,2026-08-06,周四,08:02,07-10 早高峰,门诊采血中心,门诊,全血,生化,12,08:25,08:31,08:53,正常,,22,08:55,09:18,76,120,否,前处理-A线,MICRO-01,OP-106
S0806-00911,2026-08-06,周四,07:32,07-10 早高峰,心内科病区,住院,血清,免疫,6,08:11,08:16,08:56,报错,条码识别失败,40,08:59,09:43,131,120,是,前处理-B线,BIO-02,OP-101
S0806-00912,2026-08-06,周四,10:42,10-12,门诊采血中心,门诊,血清,凝血,5,10:58,11:04,11:11,正常,,7,11:17,11:38,56,120,否,前处理-B线,BIO-02,OP-104
S0806-00913,2026-08-06,周四,11:05,10-12,急诊采血,急诊,血清,血液,3,11:13,11:15,11:25,正常,,10,11:28,11:57,52,60,否,前处理-手工台,BIO-02,OP-102
S0806-00914,2026-08-06,周四,08:02,07-10 早高峰,ICU,住院,其他,生化,3,08:37,08:38,09:02,正常,,24,09:06,09:46,104,90,是,前处理-手工台,BIO-01,OP-102
S0806-00915,2026-08-06,周四,07:02,07-10 早高峰,儿科门诊采血窗口,门诊,血清,免疫,13,07:21,07:27,07:50,正常,,23,07:56,08:31,89,120,否,前处理-B线,MICRO-01,OP-103
S0806-00916,2026-08-06,周四,08:12,07-10 早高峰,肾内科病区,住院,血清,生化,4,09:04,09:07,09:37,正常,,30,09:44,10:20,128,120,是,前处理-手工台,IMM-02,OP-107
S0806-00917,2026-08-06,周四,08:21,07-10 早高峰,消化科病区,住院,血清,生化,2,09:02,09:03,09:20,正常,,17,09:27,09:57,96,120,否,前处理-A线,COAG-01,OP-105
S0806-00918,2026-08-06,周四,07:05,07-10 早高峰,门诊采血中心,门诊,血浆,血液,4,07:18,07:24,07:41,正常,,17,07:48,08:25,80,120,否,前处理-A线,HEM-02,OP-108
S0806-00919,2026-08-06,周四,17:59,17-20,急诊采血,急诊,血清,生化,7,18:21,18:26,18:36,正常,,10,18:41,19:27,88,60,是,前处理-A线,MICRO-01,OP-101
S0806-00920,2026-08-06,周四,11:48,10-12,门诊采血中心,门诊,血浆,生化,17,12:13,12:19,12:23,正常,,4,12:30,13:15,87,120,否,前处理-B线,BIO-02,OP-108
S0806-00921,2026-08-06,周四,14:10,14-17,门诊采血中心,门诊,血清,免疫,14,14:24,14:29,14:33,正常,,4,14:37,15:12,62,120,否,前处理-A线,HEM-02,OP-101
S0806-00922,2026-08-06,周四,15:59,14-17,ICU,住院,全血,免疫,3,16:24,16:26,16:32,正常,,6,16:37,17:19,80,90,否,前处理-手工台,HEM-02,OP-104
S0806-00923,2026-08-06,周四,18:34,17-20,ICU,住院,全血,生化,2,19:06,19:09,19:16,正常,,7,19:19,19:42,68,90,否,前处理-B线,COAG-01,OP-101
S0806-00924,2026-08-06,周四,07:26,07-10 早高峰,门诊采血中心,门诊,血清,生化,10,07:34,07:38,08:33,报错,条码识别失败,55,08:39,09:21,115,120,否,前处理-A线,HEM-02,OP-103
S0806-00925,2026-08-06,周四,07:02,07-10 早高峰,儿科门诊采血窗口,门诊,血清,生化,8,07:13,07:19,07:42,正常,,23,07:47,08:37,95,120,否,前处理-B线,MICRO-01,OP-101
S0806-00926,2026-08-06,周四,10:33,10-12,儿科门诊采血窗口,门诊,血清,免疫,1,10:46,10:51,10:56,正常,,5,11:02,11:56,83,120,否,前处理-B线,IMM-01,OP-106
S0806-00927,2026-08-06,周四,16:00,14-17,急诊采血,急诊,血清,微生物,6,16:25,16:31,16:39,正常,,8,16:44,19:08,188,60,是,前处理-A线,IMM-02,OP-106
S0806-00928,2026-08-06,周四,07:14,07-10 早高峰,肾内科病区,住院,血清,免疫,15,08:07,08:13,08:28,正常,,15,08:36,09:09,115,120,否,前处理-B线,IMM-02,OP-108
S0806-00929,2026-08-06,周四,09:02,07-10 早高峰,心内科病区,住院,血清,生化,10,09:36,09:37,09:54,正常,,17,10:02,10:37,95,120,否,前处理-手工台,HEM-01,OP-103
S0806-00930,2026-08-06,周四,10:08,10-12,呼吸科病区,住院,全血,免疫,16,10:57,11:02,11:07,正常,,5,11:13,11:42,94,120,否,前处理-A线,HEM-02,OP-105
S0806-00931,2026-08-06,周四,10:04,10-12,消化科病区,住院,全血,免疫,9,10:55,10:56,11:05,正常,,9,11:09,11:49,105,120,否,前处理-B线,COAG-01,OP-105
S0806-00932,2026-08-06,周四,14:45,14-17,呼吸科病区,住院,血清,免疫,7,15:06,15:09,15:38,报错,样本量不足,29,15:44,16:20,95,120,否,前处理-手工台,HEM-02,OP-103
S0806-00933,2026-08-06,周四,13:29,12-14,门诊采血中心,门诊,血清,生化,16,13:54,13:56,14:02,正常,,6,14:07,14:45,76,120,否,前处理-A线,BIO-02,OP-103
S0806-00934,2026-08-06,周四,09:03,07-10 早高峰,内分泌科病区,住院,血清,免疫,11,09:26,09:29,09:55,正常,,26,10:03,10:57,114,120,否,前处理-手工台,MICRO-01,OP-108
S0806-00935,2026-08-06,周四,15:40,14-17,门诊采血中心,门诊,尿液,血液,3,15:56,15:58,16:05,正常,,7,16:07,16:50,70,120,否,前处理-A线,IMM-01,OP-106
S0806-00936,2026-08-06,周四,10:36,10-12,内分泌科病区,住院,血清,血液,1,11:23,11:26,11:33,正常,,7,11:40,12:03,87,120,否,前处理-B线,HEM-02,OP-108
S0806-00937,2026-08-06,周四,08:30,07-10 早高峰,急诊采血,急诊,全血,血液,6,08:45,08:49,09:10,正常,,21,09:13,09:39,69,60,是,前处理-手工台,IMM-01,OP-102
S0806-00938,2026-08-06,周四,08:58,07-10 早高峰,门诊采血中心,门诊,血清,免疫,13,09:23,09:28,09:50,正常,,22,09:52,10:20,82,120,否,前处理-A线,BIO-02,OP-108
S0806-00939,2026-08-06,周四,14:25,14-17,心内科病区,住院,血清,血液,1,15:16,15:19,15:25,正常,,6,15:27,16:17,112,120,否,前处理-手工台,IMM-02,OP-106
S0806-00940,2026-08-06,周四,15:29,14-17,内分泌科病区,住院,血清,血液,6,16:00,16:05,16:12,正常,,7,16:20,16:48,79,120,否,前处理-手工台,BIO-01,OP-102
S0806-00941,2026-08-06,周四,08:55,07-10 早高峰,门诊采血中心,门诊,全血,免疫,10,09:08,09:10,10:02,报错,离心异常,52,10:10,10:35,100,120,否,前处理-手工台,BIO-02,OP-101
S0806-00942,2026-08-06,周四,14:16,14-17,消化科病区,住院,全血,免疫,9,14:48,14:51,15:00,正常,,9,15:05,15:35,79,120,否,前处理-B线,HEM-01,OP-106
S0806-00943,2026-08-06,周四,07:01,07-10 早高峰,儿科门诊采血窗口,门诊,血清,血液,5,07:12,07:16,07:33,正常,,17,07:37,08:05,64,120,否,前处理-手工台,HEM-01,OP-106
S0806-00944,2026-08-06,周四,07:23,07-10 早高峰,门诊采血中心,门诊,尿液,生化,14,07:45,07:46,08:07,正常,,21,08:10,08:39,76,120,否,前处理-手工台,HEM-02,OP-104
S0806-00945,2026-08-06,周四,11:40,10-12,门诊采血中心,门诊,全血,生化,3,11:59,12:03,12:10,正常,,7,12:12,13:06,86,120,否,前处理-A线,IMM-02,OP-106
S0806-00946,2026-08-06,周四,12:42,12-14,消化科病区,住院,血清,血液,1,13:31,13:32,13:42,正常,,10,13:45,14:10,88,120,否,前处理-B线,HEM-02,OP-102
S0806-00947,2026-08-06,周四,10:58,10-12,门诊采血中心,门诊,血清,血液,6,11:20,11:23,12:01,报错,溶血,38,12:05,12:36,98,120,否,前处理-A线,COAG-01,OP-106
S0806-00948,2026-08-06,周四,11:04,10-12,呼吸科病区,住院,血清,血液,6,11:45,11:48,11:55,正常,,7,12:00,12:32,88,120,否,前处理-A线,BIO-01,OP-105
S0806-00949,2026-08-06,周四,09:25,07-10 早高峰,门诊采血中心,门诊,血清,生化,10,09:36,09:41,10:13,正常,,32,10:16,11:10,105,120,否,前处理-手工台,IMM-01,OP-108
S0806-00950,2026-08-06,周四,11:42,10-12,ICU,住院,血清,凝血,4,12:35,12:38,12:45,正常,,7,12:48,13:24,102,90,是,前处理-B线,COAG-01,OP-104
S0806-00951,2026-08-06,周四,08:39,07-10 早高峰,门诊采血中心,门诊,其他,血液,6,08:49,08:53,09:16,正常,,23,09:20,09:43,64,120,否,前处理-手工台,BIO-01,OP-107
S0806-00952,2026-08-06,周四,08:31,07-10 早高峰,体检中心,体检,全血,生化,8,08:56,08:57,09:21,正常,,24,09:28,10:20,109,240,否,前处理-A线,HEM-01,OP-102
S0806-00953,2026-08-06,周四,19:03,17-20,内分泌科病区,住院,血清,免疫,1,19:37,19:42,19:46,正常,,4,19:53,20:37,94,120,否,前处理-B线,BIO-01,OP-101
S0806-00954,2026-08-06,周四,15:23,14-17,门诊采血中心,门诊,全血,微生物,5,15:45,15:46,15:55,正常,,9,16:00,19:56,273,120,是,前处理-手工台,BIO-02,OP-103
S0806-00955,2026-08-06,周四,19:42,17-20,急诊采血,急诊,血清,免疫,15,19:52,19:58,20:05,正常,,7,20:13,20:42,60,60,否,前处理-A线,IMM-01,OP-103
S0806-00956,2026-08-06,周四,07:06,07-10 早高峰,消化科病区,住院,血清,生化,8,07:36,07:38,07:57,正常,,19,07:59,08:39,93,120,否,前处理-A线,HEM-02,OP-102
S0806-00957,2026-08-06,周四,08:43,07-10 早高峰,门诊采血中心,门诊,血浆,微生物,5,09:01,09:04,09:32,正常,,28,09:36,12:47,244,120,是,前处理-手工台,IMM-02,OP-106
S0806-00958,2026-08-06,周四,08:35,07-10 早高峰,门诊采血中心,门诊,尿液,微生物,4,08:43,08:46,09:06,正常,,20,09:12,14:01,326,120,是,前处理-手工台,HEM-01,OP-104
S0806-00959,2026-08-06,周四,09:48,07-10 早高峰,儿科门诊采血窗口,门诊,全血,免疫,18,10:00,10:05,10:38,报错,溶血,33,10:42,11:08,80,120,否,前处理-手工台,IMM-01,OP-103
S0806-00960,2026-08-06,周四,16:52,14-17,儿科门诊采血窗口,门诊,全血,血液,5,17:08,17:14,17:18,正常,,4,17:22,18:15,83,120,否,前处理-A线,COAG-01,OP-107
S0806-00961,2026-08-06,周四,09:55,07-10 早高峰,门诊采血中心,门诊,血清,凝血,2,10:20,10:21,10:46,正常,,25,10:52,11:24,89,120,否,前处理-B线,BIO-01,OP-106
S0806-00962,2026-08-06,周四,17:40,17-20,门诊采血中心,门诊,血清,生化,4,17:55,17:57,18:04,正常,,7,18:06,18:29,49,120,否,前处理-手工台,IMM-02,OP-103
S0806-00963,2026-08-06,周四,15:25,14-17,儿科门诊采血窗口,门诊,全血,血液,4,15:38,15:43,16:11,报错,条码识别失败,28,16:15,17:06,101,120,否,前处理-手工台,BIO-02,OP-102
S0806-00964,2026-08-06,周四,14:14,14-17,内分泌科病区,住院,全血,生化,14,15:01,15:05,15:15,正常,,10,15:19,15:56,102,120,否,前处理-手工台,IMM-02,OP-103
S0806-00965,2026-08-06,周四,10:50,10-12,门诊采血中心,门诊,血浆,血液,6,11:13,11:15,11:20,正常,,5,11:22,12:02,72,120,否,前处理-A线,HEM-01,OP-108
S0806-00966,2026-08-06,周四,11:42,10-12,心内科病区,住院,全血,生化,2,12:24,12:25,12:30,正常,,5,12:35,13:25,103,120,否,前处理-B线,IMM-01,OP-104
S0806-00967,2026-08-06,周四,10:29,10-12,急诊采血,急诊,血清,生化,17,10:44,10:47,10:57,正常,,10,11:05,11:57,88,60,是,前处理-B线,COAG-01,OP-101
S0806-00968,2026-08-06,周四,09:10,07-10 早高峰,消化科病区,住院,血清,微生物,5,09:34,09:36,10:05,正常,,29,10:12,15:11,361,120,是,前处理-手工台,IMM-01,OP-106
S0806-00969,2026-08-06,周四,09:12,07-10 早高峰,肾内科病区,住院,血清,血液,6,10:03,10:07,10:35,正常,,28,10:43,11:08,116,120,否,前处理-手工台,BIO-02,OP-103
S0806-00970,2026-08-06,周四,15:42,14-17,门诊采血中心,门诊,血清,血液,3,15:55,16:01,16:08,正常,,7,16:15,16:44,62,120,否,前处理-B线,HEM-01,OP-104
S0806-00971,2026-08-06,周四,13:50,12-14,儿科门诊采血窗口,门诊,尿液,生化,3,14:12,14:15,14:51,报错,样本量不足,36,14:56,15:19,89,120,否,前处理-手工台,MICRO-01,OP-106
S0806-00972,2026-08-06,周四,07:24,07-10 早高峰,儿科门诊采血窗口,门诊,血清,血液,5,07:39,07:43,08:13,报错,溶血,30,08:19,08:50,86,120,否,前处理-B线,MICRO-01,OP-106
S0806-00973,2026-08-06,周四,15:18,14-17,心内科病区,住院,全血,生化,14,15:51,15:53,16:02,正常,,9,16:07,16:36,78,120,否,前处理-A线,MICRO-01,OP-101
S0806-00974,2026-08-06,周四,16:52,14-17,门诊采血中心,门诊,全血,免疫,15,17:00,17:05,17:15,正常,,10,17:22,17:58,66,120,否,前处理-B线,MICRO-01,OP-106
S0806-00975,2026-08-06,周四,09:46,07-10 早高峰,门诊采血中心,门诊,血清,生化,6,09:56,10:00,10:21,正常,,21,10:25,10:50,64,120,否,前处理-A线,BIO-01,OP-105
S0806-00976,2026-08-06,周四,07:28,07-10 早高峰,内分泌科病区,住院,血清,生化,18,08:18,08:20,08:48,正常,,28,08:52,09:34,126,120,是,前处理-B线,COAG-01,OP-101
S0806-00977,2026-08-06,周四,12:31,12-14,体检中心,体检,血浆,血液,3,12:43,12:46,12:55,正常,,9,12:58,13:49,78,240,否,前处理-B线,HEM-01,OP-103
S0806-00978,2026-08-06,周四,10:55,10-12,内分泌科病区,住院,血清,免疫,12,11:28,11:29,11:39,正常,,10,11:45,12:24,89,120,否,前处理-手工台,IMM-01,OP-103
S0806-00979,2026-08-06,周四,10:57,10-12,门诊采血中心,门诊,血清,生化,15,11:08,11:09,11:15,正常,,6,11:21,11:55,58,120,否,前处理-B线,BIO-02,OP-104
S0806-00980,2026-08-06,周四,16:14,14-17,消化科病区,住院,血清,生化,17,17:03,17:06,17:10,正常,,4,17:12,17:37,83,120,否,前处理-A线,COAG-01,OP-107
S0806-00981,2026-08-06,周四,10:55,10-12,消化科病区,住院,血清,血液,4,11:40,11:45,11:50,正常,,5,11:55,12:15,80,120,否,前处理-B线,IMM-01,OP-106
S0806-00982,2026-08-06,周四,10:28,10-12,门诊采血中心,门诊,血清,凝血,5,10:41,10:44,10:52,正常,,8,10:56,11:47,79,120,否,前处理-B线,MICRO-01,OP-104
S0806-00983,2026-08-06,周四,08:32,07-10 早高峰,体检中心,体检,血清,凝血,6,08:43,08:45,09:11,正常,,26,09:17,09:47,75,240,否,前处理-手工台,IMM-02,OP-102
S0806-00984,2026-08-06,周四,16:40,14-17,门诊采血中心,门诊,血清,血液,5,16:52,16:58,17:06,正常,,8,17:13,17:44,64,120,否,前处理-B线,HEM-01,OP-102
S0806-00985,2026-08-06,周四,16:16,14-17,门诊采血中心,门诊,血浆,血液,4,16:31,16:35,16:43,正常,,8,16:48,17:32,76,120,否,前处理-手工台,COAG-01,OP-105
S0806-00986,2026-08-06,周四,07:19,07-10 早高峰,门诊采血中心,门诊,血清,生化,18,07:43,07:49,08:06,正常,,17,08:12,08:40,81,120,否,前处理-A线,COAG-01,OP-102
S0806-00987,2026-08-06,周四,09:22,07-10 早高峰,呼吸科病区,住院,血浆,微生物,6,10:16,10:17,10:46,正常,,29,10:50,13:02,220,120,是,前处理-B线,IMM-01,OP-102
S0806-00988,2026-08-06,周四,16:39,14-17,门诊采血中心,门诊,尿液,血液,4,16:56,16:57,17:04,正常,,7,17:09,17:32,53,120,否,前处理-A线,BIO-02,OP-101
S0806-00989,2026-08-06,周四,09:53,07-10 早高峰,急诊采血,急诊,全血,免疫,10,10:15,10:18,10:40,正常,,22,10:42,11:32,99,60,是,前处理-B线,MICRO-01,OP-102
S0806-00990,2026-08-06,周四,08:52,07-10 早高峰,心内科病区,住院,尿液,免疫,14,09:43,09:45,10:06,正常,,21,10:11,10:39,107,120,否,前处理-B线,COAG-01,OP-105
S0806-00991,2026-08-06,周四,16:35,14-17,肾内科病区,住院,血清,血液,4,17:22,17:25,17:31,正常,,6,17:36,18:07,92,120,否,前处理-B线,MICRO-01,OP-105
S0806-00992,2026-08-06,周四,14:27,14-17,门诊采血中心,门诊,全血,血液,6,14:47,14:49,14:56,正常,,7,14:59,15:19,52,120,否,前处理-B线,IMM-01,OP-101
S0806-00993,2026-08-06,周四,16:24,14-17,ICU,住院,全血,血液,5,17:04,17:05,17:14,正常,,9,17:18,17:41,77,90,否,前处理-A线,HEM-01,OP-101
S0806-00994,2026-08-06,周四,07:38,07-10 早高峰,体检中心,体检,全血,生化,2,07:56,08:00,08:29,正常,,29,08:34,09:06,88,240,否,前处理-A线,BIO-02,OP-108
S0806-00995,2026-08-06,周四,08:02,07-10 早高峰,呼吸科病区,住院,血清,生化,11,08:44,08:46,09:04,正常,,18,09:12,09:44,102,120,否,前处理-B线,COAG-01,OP-103
S0806-00996,2026-08-06,周四,14:31,14-17,门诊采血中心,门诊,全血,生化,11,14:53,14:59,15:04,正常,,5,15:06,15:40,69,120,否,前处理-B线,COAG-01,OP-106
S0806-00997,2026-08-06,周四,07:24,07-10 早高峰,门诊采血中心,门诊,血清,生化,10,07:39,07:43,08:11,正常,,28,08:15,08:47,83,120,否,前处理-B线,HEM-01,OP-107
S0806-00998,2026-08-06,周四,09:46,07-10 早高峰,门诊采血中心,门诊,血清,血液,5,09:57,10:01,10:19,正常,,18,10:26,11:09,83,120,否,前处理-B线,BIO-01,OP-104
S0806-00999,2026-08-06,周四,16:33,14-17,门诊采血中心,门诊,全血,微生物,3,16:46,16:49,16:57,正常,,8,17:02,20:36,243,120,是,前处理-A线,BIO-01,OP-106
S0806-01000,2026-08-06,周四,12:29,12-14,门诊采血中心,门诊,血清,凝血,4,12:53,12:59,13:06,正常,,7,13:12,13:44,75,120,否,前处理-手工台,BIO-02,OP-101
S0806-01001,2026-08-06,周四,14:51,14-17,消化科病区,住院,血浆,血液,1,15:17,15:23,15:31,正常,,8,15:37,16:04,73,120,否,前处理-手工台,HEM-01,OP-105
S0806-01002,2026-08-06,周四,10:55,10-12,肾内科病区,住院,血清,凝血,3,11:21,11:27,11:35,正常,,8,11:40,12:10,75,120,否,前处理-手工台,HEM-01,OP-107
S0806-01003,2026-08-06,周四,13:59,12-14,体检中心,体检,血清,免疫,12,14:11,14:17,14:23,正常,,6,14:29,15:04,65,240,否,前处理-A线,IMM-02,OP-106
S0806-01004,2026-08-06,周四,08:14,07-10 早高峰,门诊采血中心,门诊,血清,生化,17,08:24,08:28,08:53,正常,,25,09:00,09:30,76,120,否,前处理-A线,HEM-02,OP-105
S0806-01005,2026-08-06,周四,09:06,07-10 早高峰,门诊采血中心,门诊,其他,免疫,10,09:21,09:24,09:43,正常,,19,09:45,10:06,60,120,否,前处理-A线,BIO-01,OP-105
S0806-01006,2026-08-06,周四,15:14,14-17,肾内科病区,住院,血清,生化,8,15:34,15:39,15:43,正常,,4,15:50,16:10,56,120,否,前处理-B线,IMM-01,OP-108
S0806-01007,2026-08-06,周四,15:55,14-17,儿科门诊采血窗口,门诊,血清,血液,4,16:06,16:10,16:19,正常,,9,16:22,16:43,48,120,否,前处理-A线,HEM-02,OP-105
S0806-01008,2026-08-06,周四,08:19,07-10 早高峰,门诊采血中心,门诊,全血,凝血,6,08:34,08:38,09:06,正常,,28,09:11,09:41,82,120,否,前处理-手工台,HEM-02,OP-108
S0806-01009,2026-08-06,周四,07:12,07-10 早高峰,ICU,住院,全血,凝血,1,07:50,07:52,08:17,正常,,25,08:20,08:47,95,90,是,前处理-手工台,IMM-02,OP-104
S0806-01010,2026-08-06,周四,07:34,07-10 早高峰,儿科门诊采血窗口,门诊,血清,血液,4,07:47,07:48,08:41,报错,样本凝集,53,08:49,09:16,102,120,否,前处理-A线,COAG-01,OP-101
S0806-01011,2026-08-06,周四,11:11,10-12,肾内科病区,住院,血清,生化,8,12:03,12:07,12:12,正常,,5,12:20,13:05,114,120,否,前处理-手工台,MICRO-01,OP-101
S0806-01012,2026-08-06,周四,09:43,07-10 早高峰,急诊采血,急诊,全血,生化,10,10:04,10:05,10:30,正常,,25,10:33,11:27,104,60,是,前处理-手工台,IMM-01,OP-101
S0806-01013,2026-08-06,周四,08:51,07-10 早高峰,肾内科病区,住院,其他,凝血,2,09:39,09:41,10:05,正常,,24,10:10,10:53,122,120,是,前处理-A线,HEM-01,OP-103
S0806-01014,2026-08-06,周四,10:15,10-12,儿科门诊采血窗口,门诊,全血,血液,1,10:36,10:38,10:45,正常,,7,10:50,11:32,77,120,否,前处理-B线,HEM-02,OP-105
S0806-01015,2026-08-06,周四,10:13,10-12,门诊采血中心,门诊,血清,凝血,6,10:26,10:29,10:39,正常,,10,10:47,11:22,69,120,否,前处理-手工台,BIO-01,OP-105
S0806-01016,2026-08-06,周四,15:58,14-17,急诊采血,急诊,血清,生化,4,16:12,16:14,16:23,正常,,9,16:31,17:13,75,60,是,前处理-B线,HEM-01,OP-106
S0806-01017,2026-08-06,周四,07:21,07-10 早高峰,心内科病区,住院,血清,血液,5,08:04,08:09,08:40,正常,,31,08:48,09:24,123,120,是,前处理-A线,COAG-01,OP-105
S0806-01018,2026-08-06,周四,08:24,07-10 早高峰,门诊采血中心,门诊,血清,生化,11,08:33,08:36,09:22,报错,条码识别失败,46,09:30,10:12,108,120,否,前处理-A线,HEM-02,OP-107
S0807-01019,2026-08-07,周五,11:33,10-12,急诊采血,急诊,全血,生化,4,11:52,11:58,12:04,正常,,6,12:11,12:40,67,60,是,前处理-手工台,IMM-02,OP-104
S0807-01020,2026-08-07,周五,07:17,07-10 早高峰,儿科门诊采血窗口,门诊,血清,生化,17,07:36,07:42,08:36,报错,样本量不足,54,08:41,09:32,135,120,是,前处理-A线,HEM-01,OP-108
S0807-01021,2026-08-07,周五,14:22,14-17,ICU,住院,血清,生化,8,14:42,14:46,14:50,正常,,4,14:55,15:47,85,90,否,前处理-B线,BIO-01,OP-104
S0807-01022,2026-08-07,周五,15:25,14-17,儿科门诊采血窗口,门诊,全血,生化,7,15:41,15:44,15:48,正常,,4,15:50,16:36,71,120,否,前处理-手工台,IMM-02,OP-102
S0807-01023,2026-08-07,周五,07:03,07-10 早高峰,急诊采血,急诊,血清,生化,18,07:26,07:30,07:58,正常,,28,08:04,08:47,104,60,是,前处理-A线,BIO-02,OP-104
S0807-01024,2026-08-07,周五,15:19,14-17,ICU,住院,血清,血液,5,16:00,16:04,16:08,正常,,4,16:14,17:08,109,90,是,前处理-A线,MICRO-01,OP-107
S0807-01025,2026-08-07,周五,14:53,14-17,急诊采血,急诊,全血,免疫,13,15:08,15:13,15:21,正常,,8,15:27,15:54,61,60,是,前处理-A线,BIO-01,OP-101
S0807-01026,2026-08-07,周五,08:29,07-10 早高峰,儿科门诊采血窗口,门诊,血清,生化,18,08:51,08:55,09:20,正常,,25,09:28,10:06,97,120,否,前处理-B线,COAG-01,OP-101
S0807-01027,2026-08-07,周五,14:51,14-17,呼吸科病区,住院,血清,血液,6,15:25,15:28,15:33,正常,,5,15:37,16:32,101,120,否,前处理-B线,BIO-02,OP-104
S0807-01028,2026-08-07,周五,16:15,14-17,ICU,住院,全血,免疫,1,16:37,16:41,16:46,正常,,5,16:50,17:22,67,90,否,前处理-手工台,IMM-02,OP-108
S0807-01029,2026-08-07,周五,18:56,17-20,ICU,住院,尿液,生化,17,19:29,19:35,19:44,正常,,9,19:47,20:26,90,90,否,前处理-A线,COAG-01,OP-107
S0807-01030,2026-08-07,周五,13:05,12-14,体检中心,体检,其他,生化,18,13:21,13:24,13:34,正常,,10,13:38,14:05,60,240,否,前处理-手工台,HEM-01,OP-101
S0807-01031,2026-08-07,周五,09:22,07-10 早高峰,ICU,住院,尿液,免疫,12,10:05,10:08,10:31,正常,,23,10:39,11:16,114,90,是,前处理-手工台,HEM-02,OP-105
S0807-01032,2026-08-07,周五,10:00,10-12,急诊采血,急诊,血清,生化,14,10:13,10:19,10:23,正常,,4,10:29,11:20,80,60,是,前处理-B线,IMM-02,OP-108
S0807-01033,2026-08-07,周五,09:57,07-10 早高峰,心内科病区,住院,血清,生化,12,10:46,10:49,11:05,正常,,16,11:11,11:53,116,120,否,前处理-B线,HEM-01,OP-104
S0807-01034,2026-08-07,周五,11:11,10-12,门诊采血中心,门诊,血清,免疫,3,11:36,11:41,11:47,正常,,6,11:50,12:44,93,120,否,前处理-手工台,COAG-01,OP-103
S0807-01035,2026-08-07,周五,10:42,10-12,呼吸科病区,住院,血清,免疫,2,11:06,11:08,11:18,正常,,10,11:23,12:15,93,120,否,前处理-手工台,BIO-01,OP-107
S0807-01036,2026-08-07,周五,07:51,07-10 早高峰,门诊采血中心,门诊,血清,免疫,3,08:06,08:12,08:30,正常,,18,08:36,09:03,72,120,否,前处理-B线,IMM-02,OP-106
S0807-01037,2026-08-07,周五,09:41,07-10 早高峰,内分泌科病区,住院,血浆,凝血,5,10:05,10:09,10:35,正常,,26,10:41,11:30,109,120,否,前处理-手工台,BIO-02,OP-106
S0807-01038,2026-08-07,周五,09:41,07-10 早高峰,急诊采血,急诊,血清,免疫,15,09:59,10:01,10:18,正常,,17,10:23,11:12,91,60,是,前处理-手工台,COAG-01,OP-104
S0807-01039,2026-08-07,周五,14:44,14-17,肾内科病区,住院,血浆,血液,2,15:24,15:30,15:36,正常,,6,15:44,16:12,88,120,否,前处理-B线,IMM-02,OP-103
S0807-01040,2026-08-07,周五,08:31,07-10 早高峰,门诊采血中心,门诊,血清,血液,5,08:49,08:50,09:18,正常,,28,09:21,10:02,91,120,否,前处理-手工台,IMM-02,OP-101
S0807-01041,2026-08-07,周五,10:17,10-12,内分泌科病区,住院,全血,生化,4,10:49,10:50,10:59,正常,,9,11:04,11:58,101,120,否,前处理-手工台,HEM-01,OP-105
S0807-01042,2026-08-07,周五,07:56,07-10 早高峰,内分泌科病区,住院,血清,血液,5,08:33,08:39,09:09,正常,,30,09:17,10:02,126,120,是,前处理-B线,IMM-02,OP-105
S0807-01043,2026-08-07,周五,16:44,14-17,心内科病区,住院,血清,免疫,12,17:17,17:22,17:32,正常,,10,17:37,18:03,79,120,否,前处理-A线,HEM-02,OP-103
S0807-01044,2026-08-07,周五,12:20,12-14,儿科门诊采血窗口,门诊,血浆,生化,16,12:44,12:46,12:55,正常,,9,12:59,13:46,86,120,否,前处理-A线,IMM-02,OP-105
S0807-01045,2026-08-07,周五,10:29,10-12,呼吸科病区,住院,血清,生化,4,11:15,11:18,11:23,正常,,5,11:27,12:14,105,120,否,前处理-A线,HEM-02,OP-101
S0807-01046,2026-08-07,周五,08:38,07-10 早高峰,呼吸科病区,住院,全血,免疫,11,09:28,09:33,09:56,正常,,23,10:03,10:36,118,120,否,前处理-A线,HEM-01,OP-105
S0807-01047,2026-08-07,周五,08:13,07-10 早高峰,体检中心,体检,全血,血液,2,08:27,08:30,08:49,正常,,19,08:55,09:33,80,240,否,前处理-手工台,IMM-02,OP-107
S0807-01048,2026-08-07,周五,11:32,10-12,门诊采血中心,门诊,血清,免疫,2,11:41,11:44,11:48,正常,,4,11:55,12:29,57,120,否,前处理-B线,BIO-02,OP-107
S0807-01049,2026-08-07,周五,07:13,07-10 早高峰,急诊采血,急诊,血清,生化,8,07:28,07:33,07:46,正常,,13,07:51,08:43,90,60,是,前处理-B线,HEM-02,OP-104
S0807-01050,2026-08-07,周五,09:08,07-10 早高峰,肾内科病区,住院,全血,免疫,16,09:42,09:47,10:07,正常,,20,10:11,11:00,112,120,否,前处理-A线,HEM-02,OP-102
S0807-01051,2026-08-07,周五,09:58,07-10 早高峰,心内科病区,住院,血清,生化,8,10:23,10:29,10:48,正常,,19,10:55,11:21,83,120,否,前处理-手工台,BIO-01,OP-106
S0807-01052,2026-08-07,周五,14:34,14-17,体检中心,体检,血清,免疫,15,14:54,15:00,15:04,正常,,4,15:06,15:50,76,240,否,前处理-B线,BIO-01,OP-105
S0807-01053,2026-08-07,周五,15:35,14-17,呼吸科病区,住院,尿液,生化,8,16:09,16:12,16:20,正常,,8,16:27,16:59,84,120,否,前处理-A线,COAG-01,OP-102
S0807-01054,2026-08-07,周五,10:45,10-12,心内科病区,住院,全血,血液,2,11:38,11:41,11:47,正常,,6,11:54,12:16,91,120,否,前处理-A线,BIO-01,OP-101
S0807-01055,2026-08-07,周五,14:00,14-17,ICU,住院,全血,免疫,14,14:51,14:56,15:03,正常,,7,15:07,15:51,111,90,是,前处理-手工台,IMM-01,OP-107
S0807-01056,2026-08-07,周五,11:39,10-12,呼吸科病区,住院,血清,微生物,4,12:30,12:36,12:41,正常,,5,12:47,15:27,228,120,是,前处理-手工台,MICRO-01,OP-101
S0807-01057,2026-08-07,周五,08:34,07-10 早高峰,体检中心,体检,血清,血液,6,08:58,09:00,09:13,正常,,13,09:20,10:13,99,240,否,前处理-手工台,BIO-01,OP-106
S0807-01058,2026-08-07,周五,10:03,10-12,肾内科病区,住院,血清,血液,1,10:26,10:28,10:33,正常,,5,10:36,11:18,75,120,否,前处理-手工台,HEM-02,OP-107
S0807-01059,2026-08-07,周五,07:09,07-10 早高峰,消化科病区,住院,全血,免疫,18,07:47,07:49,08:11,正常,,22,08:17,09:05,116,120,否,前处理-B线,BIO-02,OP-103
S0807-01060,2026-08-07,周五,18:18,17-20,儿科门诊采血窗口,门诊,血清,生化,18,18:31,18:35,18:42,正常,,7,18:45,19:33,75,120,否,前处理-B线,BIO-01,OP-103
S0807-01061,2026-08-07,周五,10:41,10-12,体检中心,体检,血清,免疫,8,11:06,11:11,11:16,正常,,5,11:23,11:53,72,240,否,前处理-B线,MICRO-01,OP-104
S0807-01062,2026-08-07,周五,16:15,14-17,呼吸科病区,住院,血清,生化,18,16:46,16:52,16:59,正常,,7,17:02,17:40,85,120,否,前处理-A线,COAG-01,OP-103
S0807-01063,2026-08-07,周五,07:54,07-10 早高峰,呼吸科病区,住院,全血,生化,14,08:49,08:53,09:13,正常,,20,09:17,09:59,125,120,是,前处理-手工台,IMM-01,OP-106
S0807-01064,2026-08-07,周五,14:17,14-17,急诊采血,急诊,尿液,血液,3,14:38,14:40,14:45,正常,,5,14:52,15:32,75,60,是,前处理-B线,BIO-02,OP-102
S0807-01065,2026-08-07,周五,16:08,14-17,消化科病区,住院,血清,免疫,6,16:47,16:48,16:55,正常,,7,17:01,17:43,95,120,否,前处理-B线,HEM-01,OP-103
S0807-01066,2026-08-07,周五,17:22,17-20,门诊采血中心,门诊,血清,生化,4,17:35,17:39,17:45,正常,,6,17:49,18:31,69,120,否,前处理-B线,HEM-02,OP-106
S0807-01067,2026-08-07,周五,10:07,10-12,内分泌科病区,住院,血浆,生化,16,10:40,10:44,10:52,正常,,8,10:54,11:45,98,120,否,前处理-手工台,IMM-02,OP-104
S0807-01068,2026-08-07,周五,13:59,12-14,门诊采血中心,门诊,血浆,免疫,4,14:18,14:20,14:29,正常,,9,14:34,15:25,86,120,否,前处理-B线,MICRO-01,OP-105
S0807-01069,2026-08-07,周五,08:28,07-10 早高峰,ICU,住院,血清,血液,4,09:20,09:26,09:55,正常,,29,10:01,10:37,129,90,是,前处理-手工台,BIO-01,OP-107
S0807-01070,2026-08-07,周五,09:48,07-10 早高峰,门诊采血中心,门诊,全血,生化,3,10:11,10:14,10:29,正常,,15,10:31,10:59,71,120,否,前处理-手工台,HEM-02,OP-106
S0807-01071,2026-08-07,周五,11:06,10-12,门诊采血中心,门诊,血清,凝血,1,11:15,11:20,11:49,报错,条码识别失败,29,11:52,12:31,85,120,否,前处理-手工台,HEM-02,OP-107
S0807-01072,2026-08-07,周五,14:09,14-17,呼吸科病区,住院,全血,血液,1,14:49,14:54,15:04,正常,,10,15:12,15:48,99,120,否,前处理-A线,HEM-01,OP-102
S0807-01073,2026-08-07,周五,17:54,17-20,内分泌科病区,住院,其他,凝血,5,18:21,18:27,18:34,正常,,7,18:41,19:30,96,120,否,前处理-A线,HEM-02,OP-102
S0807-01074,2026-08-07,周五,07:27,07-10 早高峰,门诊采血中心,门诊,血清,血液,1,07:51,07:53,08:21,正常,,28,08:25,09:06,99,120,否,前处理-A线,IMM-02,OP-101
S0807-01075,2026-08-07,周五,08:57,07-10 早高峰,门诊采血中心,门诊,血浆,血液,2,09:21,09:24,09:45,正常,,21,09:52,10:17,80,120,否,前处理-手工台,BIO-02,OP-105
S0807-01076,2026-08-07,周五,11:49,10-12,心内科病区,住院,血清,免疫,16,12:12,12:15,12:24,正常,,9,12:26,12:47,58,120,否,前处理-A线,IMM-02,OP-104
S0807-01077,2026-08-07,周五,07:40,07-10 早高峰,急诊采血,急诊,血清,微生物,1,08:01,08:06,08:29,正常,,23,08:35,12:19,279,60,是,前处理-A线,BIO-02,OP-101
S0807-01078,2026-08-07,周五,12:06,12-14,体检中心,体检,血清,生化,5,12:20,12:24,12:29,正常,,5,12:34,12:57,51,240,否,前处理-手工台,COAG-01,OP-108
S0807-01079,2026-08-07,周五,07:57,07-10 早高峰,门诊采血中心,门诊,血清,血液,4,08:16,08:19,08:42,正常,,23,08:49,09:43,106,120,否,前处理-A线,MICRO-01,OP-104
S0807-01080,2026-08-07,周五,15:30,14-17,门诊采血中心,门诊,全血,免疫,18,15:46,15:48,15:54,正常,,6,15:57,16:31,61,120,否,前处理-手工台,BIO-01,OP-108
S0807-01081,2026-08-07,周五,09:03,07-10 早高峰,呼吸科病区,住院,血清,生化,6,09:40,09:45,10:12,正常,,27,10:19,10:41,98,120,否,前处理-B线,HEM-01,OP-104
S0807-01082,2026-08-07,周五,09:31,07-10 早高峰,门诊采血中心,门诊,血清,生化,6,09:52,09:58,10:22,正常,,24,10:27,11:19,108,120,否,前处理-B线,IMM-02,OP-101
S0807-01083,2026-08-07,周五,15:54,14-17,儿科门诊采血窗口,门诊,血清,生化,7,16:10,16:15,16:24,正常,,9,16:28,16:52,58,120,否,前处理-手工台,IMM-01,OP-106
S0807-01084,2026-08-07,周五,13:36,12-14,呼吸科病区,住院,血清,生化,13,14:18,14:19,14:26,正常,,7,14:32,15:22,106,120,否,前处理-B线,HEM-01,OP-102
S0807-01085,2026-08-07,周五,16:22,14-17,消化科病区,住院,血清,免疫,5,16:55,16:59,17:09,正常,,10,17:14,17:55,93,120,否,前处理-A线,MICRO-01,OP-102
S0807-01086,2026-08-07,周五,10:11,10-12,门诊采血中心,门诊,尿液,生化,18,10:20,10:24,10:33,正常,,9,10:40,11:14,63,120,否,前处理-手工台,BIO-02,OP-108
S0807-01087,2026-08-07,周五,09:17,07-10 早高峰,内分泌科病区,住院,血浆,生化,14,09:47,09:49,10:05,正常,,16,10:08,10:53,96,120,否,前处理-手工台,BIO-01,OP-103
S0807-01088,2026-08-07,周五,14:57,14-17,心内科病区,住院,血清,微生物,1,15:47,15:49,15:55,正常,,6,16:03,20:31,334,120,是,前处理-A线,BIO-02,OP-102
S0807-01089,2026-08-07,周五,07:37,07-10 早高峰,儿科门诊采血窗口,门诊,血清,生化,7,07:45,07:51,08:12,正常,,21,08:19,09:06,89,120,否,前处理-A线,HEM-02,OP-108
S0807-01090,2026-08-07,周五,07:31,07-10 早高峰,门诊采血中心,门诊,全血,血液,5,07:54,07:55,08:23,正常,,28,08:28,09:15,104,120,否,前处理-A线,HEM-01,OP-101
S0807-01091,2026-08-07,周五,07:46,07-10 早高峰,呼吸科病区,住院,血清,血液,2,08:16,08:21,08:46,正常,,25,08:53,09:41,115,120,否,前处理-手工台,BIO-02,OP-101
S0807-01092,2026-08-07,周五,14:34,14-17,心内科病区,住院,血浆,生化,3,15:02,15:08,15:12,正常,,4,15:20,16:02,88,120,否,前处理-A线,IMM-02,OP-107
S0807-01093,2026-08-07,周五,10:24,10-12,心内科病区,住院,血清,生化,10,11:02,11:03,11:31,报错,样本凝集,28,11:39,11:59,95,120,否,前处理-A线,HEM-01,OP-108
S0807-01094,2026-08-07,周五,16:57,14-17,体检中心,体检,血清,血液,5,17:09,17:13,17:19,正常,,6,17:23,17:46,49,240,否,前处理-A线,BIO-01,OP-107
S0807-01095,2026-08-07,周五,10:34,10-12,内分泌科病区,住院,尿液,生化,3,11:26,11:29,12:06,报错,样本量不足,37,12:13,12:33,119,120,否,前处理-手工台,BIO-01,OP-103
S0807-01096,2026-08-07,周五,16:43,14-17,门诊采血中心,门诊,血清,生化,16,16:58,17:00,17:08,正常,,8,17:15,17:43,60,120,否,前处理-手工台,BIO-01,OP-104
S0807-01097,2026-08-07,周五,08:01,07-10 早高峰,内分泌科病区,住院,全血,血液,5,08:55,08:56,09:23,正常,,27,09:31,09:54,113,120,否,前处理-A线,IMM-02,OP-101
S0807-01098,2026-08-07,周五,16:46,14-17,门诊采血中心,门诊,全血,生化,7,17:11,17:13,17:18,正常,,5,17:26,18:01,75,120,否,前处理-手工台,BIO-02,OP-102
S0807-01099,2026-08-07,周五,15:12,14-17,肾内科病区,住院,血清,微生物,4,15:42,15:47,15:56,正常,,9,15:58,19:48,276,120,是,前处理-A线,COAG-01,OP-104
S0807-01100,2026-08-07,周五,15:17,14-17,呼吸科病区,住院,血清,凝血,2,16:06,16:11,16:15,正常,,4,16:22,17:00,103,120,否,前处理-B线,HEM-01,OP-103
S0807-01101,2026-08-07,周五,08:44,07-10 早高峰,门诊采血中心,门诊,全血,免疫,9,08:53,08:55,09:10,正常,,15,09:16,09:42,58,120,否,前处理-手工台,BIO-02,OP-105
S0807-01102,2026-08-07,周五,14:05,14-17,消化科病区,住院,血清,免疫,3,14:25,14:30,14:39,正常,,9,14:41,15:32,87,120,否,前处理-A线,HEM-01,OP-105
S0807-01103,2026-08-07,周五,07:07,07-10 早高峰,门诊采血中心,门诊,血浆,生化,2,07:24,07:28,07:54,正常,,26,07:56,08:33,86,120,否,前处理-B线,COAG-01,OP-106
S0807-01104,2026-08-07,周五,09:42,07-10 早高峰,门诊采血中心,门诊,血清,生化,9,10:03,10:05,10:23,正常,,18,10:28,11:07,85,120,否,前处理-手工台,HEM-01,OP-105
S0807-01105,2026-08-07,周五,08:20,07-10 早高峰,体检中心,体检,血清,免疫,10,08:40,08:43,09:07,正常,,24,09:10,10:04,104,240,否,前处理-B线,COAG-01,OP-104
S0807-01106,2026-08-07,周五,14:59,14-17,门诊采血中心,门诊,血清,生化,1,15:08,15:10,15:18,正常,,8,15:21,15:58,59,120,否,前处理-A线,MICRO-01,OP-103
S0807-01107,2026-08-07,周五,10:38,10-12,门诊采血中心,门诊,血清,生化,1,11:03,11:05,11:12,正常,,7,11:20,11:58,80,120,否,前处理-手工台,BIO-02,OP-104
S0807-01108,2026-08-07,周五,08:26,07-10 早高峰,心内科病区,住院,血浆,免疫,14,08:56,09:00,09:18,正常,,18,09:25,10:03,97,120,否,前处理-手工台,IMM-02,OP-103
S0807-01109,2026-08-07,周五,09:15,07-10 早高峰,呼吸科病区,住院,尿液,微生物,2,10:06,10:12,10:28,正常,,16,10:35,12:52,217,120,是,前处理-A线,BIO-02,OP-105
S0807-01110,2026-08-07,周五,07:23,07-10 早高峰,门诊采血中心,门诊,血清,免疫,6,07:47,07:48,08:14,正常,,26,08:18,08:50,87,120,否,前处理-手工台,BIO-01,OP-107
S0807-01111,2026-08-07,周五,08:37,07-10 早高峰,内分泌科病区,住院,血清,血液,5,09:12,09:15,09:33,正常,,18,09:40,10:21,104,120,否,前处理-A线,BIO-01,OP-103
S0807-01112,2026-08-07,周五,15:11,14-17,消化科病区,住院,血清,免疫,18,15:45,15:47,15:53,正常,,6,15:57,16:19,68,120,否,前处理-A线,MICRO-01,OP-106
S0807-01113,2026-08-07,周五,07:30,07-10 早高峰,儿科门诊采血窗口,门诊,血清,生化,5,07:46,07:51,08:12,正常,,21,08:14,08:46,76,120,否,前处理-B线,MICRO-01,OP-104
S0807-01114,2026-08-07,周五,13:10,12-14,肾内科病区,住院,血清,血液,6,13:50,13:54,14:01,正常,,7,14:08,14:37,87,120,否,前处理-B线,MICRO-01,OP-103
S0807-01115,2026-08-07,周五,07:56,07-10 早高峰,急诊采血,急诊,全血,生化,1,08:17,08:22,08:46,正常,,24,08:53,09:16,80,60,是,前处理-A线,IMM-01,OP-101
S0807-01116,2026-08-07,周五,08:52,07-10 早高峰,急诊采血,急诊,血清,血液,3,09:15,09:18,09:37,正常,,19,09:44,10:14,82,60,是,前处理-B线,BIO-02,OP-103
S0807-01117,2026-08-07,周五,16:34,14-17,急诊采血,急诊,血清,免疫,8,16:55,16:57,17:01,正常,,4,17:04,17:28,54,60,否,前处理-手工台,MICRO-01,OP-106
S0807-01118,2026-08-07,周五,09:10,07-10 早高峰,门诊采血中心,门诊,血清,生化,6,09:19,09:25,09:50,正常,,25,09:58,10:29,79,120,否,前处理-手工台,HEM-02,OP-103
S0807-01119,2026-08-07,周五,08:54,07-10 早高峰,消化科病区,住院,血浆,血液,4,09:38,09:43,10:05,正常,,22,10:09,10:55,121,120,是,前处理-B线,BIO-02,OP-105
S0807-01120,2026-08-07,周五,09:51,07-10 早高峰,门诊采血中心,门诊,尿液,免疫,6,10:06,10:12,10:33,正常,,21,10:41,11:16,85,120,否,前处理-A线,IMM-02,OP-103
S0807-01121,2026-08-07,周五,15:18,14-17,门诊采血中心,门诊,全血,生化,12,15:30,15:34,15:44,正常,,10,15:51,16:18,60,120,否,前处理-B线,IMM-01,OP-106
S0807-01122,2026-08-07,周五,07:14,07-10 早高峰,门诊采血中心,门诊,全血,凝血,3,07:23,07:24,07:44,正常,,20,07:50,08:32,78,120,否,前处理-B线,IMM-02,OP-108
S0807-01123,2026-08-07,周五,10:10,10-12,ICU,住院,血清,免疫,4,10:36,10:42,10:48,正常,,6,10:56,11:16,66,90,否,前处理-A线,HEM-02,OP-105
S0807-01124,2026-08-07,周五,08:35,07-10 早高峰,体检中心,体检,全血,微生物,4,08:57,09:03,09:26,正常,,23,09:28,12:14,219,240,否,前处理-A线,BIO-01,OP-105
S0807-01125,2026-08-07,周五,15:02,14-17,门诊采血中心,门诊,全血,微生物,5,15:26,15:28,15:32,正常,,4,15:37,19:19,257,120,是,前处理-B线,HEM-01,OP-104
S0807-01126,2026-08-07,周五,11:06,10-12,门诊采血中心,门诊,血清,凝血,2,11:26,11:30,11:35,正常,,5,11:40,12:01,55,120,否,前处理-B线,HEM-01,OP-104
S0807-01127,2026-08-07,周五,07:50,07-10 早高峰,儿科门诊采血窗口,门诊,血清,凝血,5,07:58,08:00,08:27,正常,,27,08:32,09:22,92,120,否,前处理-B线,IMM-02,OP-103
S0807-01128,2026-08-07,周五,09:56,07-10 早高峰,急诊采血,急诊,血浆,免疫,6,10:15,10:16,10:33,正常,,17,10:36,11:10,74,60,是,前处理-手工台,BIO-02,OP-101
S0807-01129,2026-08-07,周五,09:19,07-10 早高峰,ICU,住院,血清,免疫,15,09:51,09:55,10:25,正常,,30,10:29,10:53,94,90,是,前处理-手工台,COAG-01,OP-108
S0807-01130,2026-08-07,周五,16:14,14-17,儿科门诊采血窗口,门诊,血清,生化,17,16:34,16:38,16:44,正常,,6,16:46,17:19,65,120,否,前处理-B线,IMM-02,OP-101
S0807-01131,2026-08-07,周五,08:12,07-10 早高峰,门诊采血中心,门诊,血清,生化,3,08:32,08:35,09:03,正常,,28,09:08,09:46,94,120,否,前处理-手工台,HEM-02,OP-108
S0807-01132,2026-08-07,周五,09:17,07-10 早高峰,ICU,住院,血浆,血液,6,09:58,10:00,10:18,正常,,18,10:25,10:50,93,90,是,前处理-手工台,HEM-01,OP-102
S0807-01133,2026-08-07,周五,18:47,17-20,儿科门诊采血窗口,门诊,血清,凝血,6,18:56,18:58,19:02,正常,,4,19:08,19:52,65,120,否,前处理-A线,IMM-02,OP-102
S0807-01134,2026-08-07,周五,07:59,07-10 早高峰,ICU,住院,血清,生化,1,08:20,08:22,09:02,报错,样本凝集,40,09:09,09:43,104,90,是,前处理-A线,HEM-02,OP-102
S0807-01135,2026-08-07,周五,17:21,17-20,门诊采血中心,门诊,全血,免疫,10,17:32,17:36,17:44,正常,,8,17:49,18:17,56,120,否,前处理-B线,IMM-01,OP-108
S0807-01136,2026-08-07,周五,19:53,17-20,消化科病区,住院,血浆,生化,18,20:14,20:18,20:25,正常,,7,20:29,20:56,63,120,否,前处理-B线,HEM-02,OP-106
S0807-01137,2026-08-07,周五,16:41,14-17,儿科门诊采血窗口,门诊,血清,免疫,9,17:04,17:07,17:31,报错,条码识别失败,24,17:39,18:28,107,120,否,前处理-B线,IMM-01,OP-106
S0807-01138,2026-08-07,周五,07:25,07-10 早高峰,儿科门诊采血窗口,门诊,血清,生化,3,07:45,07:50,08:11,正常,,21,08:19,09:06,101,120,否,前处理-A线,BIO-02,OP-107
S0807-01139,2026-08-07,周五,19:23,17-20,门诊采血中心,门诊,其他,凝血,3,19:32,19:33,19:41,正常,,8,19:49,20:09,46,120,否,前处理-手工台,MICRO-01,OP-108
S0807-01140,2026-08-07,周五,11:58,10-12,门诊采血中心,门诊,血浆,生化,6,12:11,12:17,12:21,正常,,4,12:25,12:51,53,120,否,前处理-手工台,HEM-02,OP-105
S0807-01141,2026-08-07,周五,08:39,07-10 早高峰,急诊采血,急诊,全血,生化,11,08:51,08:54,09:15,正常,,21,09:19,09:52,73,60,是,前处理-B线,COAG-01,OP-103
S0807-01142,2026-08-07,周五,11:51,10-12,门诊采血中心,门诊,血清,凝血,2,12:08,12:09,12:14,正常,,5,12:20,13:11,80,120,否,前处理-手工台,MICRO-01,OP-103
S0807-01143,2026-08-07,周五,13:54,12-14,急诊采血,急诊,全血,生化,6,14:07,14:10,14:15,正常,,5,14:21,15:02,68,60,是,前处理-A线,COAG-01,OP-107
S0807-01144,2026-08-07,周五,08:54,07-10 早高峰,肾内科病区,住院,血清,凝血,3,09:30,09:35,09:52,正常,,17,09:54,10:41,107,120,否,前处理-A线,IMM-02,OP-101
S0807-01145,2026-08-07,周五,08:37,07-10 早高峰,门诊采血中心,门诊,血浆,血液,6,08:52,08:53,09:11,正常,,18,09:14,09:38,61,120,否,前处理-B线,HEM-01,OP-104
S0807-01146,2026-08-07,周五,09:52,07-10 早高峰,心内科病区,住院,全血,生化,10,10:26,10:29,10:52,正常,,23,10:55,11:31,99,120,否,前处理-A线,HEM-01,OP-108
S0807-01147,2026-08-07,周五,16:12,14-17,门诊采血中心,门诊,血清,生化,4,16:37,16:39,16:46,正常,,7,16:53,17:30,78,120,否,前处理-A线,BIO-01,OP-103
S0807-01148,2026-08-07,周五,09:04,07-10 早高峰,急诊采血,急诊,血清,免疫,10,09:22,09:23,09:40,正常,,17,09:42,10:09,65,60,是,前处理-A线,HEM-02,OP-103
S0807-01149,2026-08-07,周五,09:15,07-10 早高峰,ICU,住院,血清,免疫,10,10:05,10:10,10:28,正常,,18,10:33,11:28,133,90,是,前处理-A线,HEM-02,OP-104
S0807-01150,2026-08-07,周五,12:36,12-14,门诊采血中心,门诊,血浆,凝血,5,13:01,13:07,13:14,正常,,7,13:19,13:41,65,120,否,前处理-手工台,HEM-02,OP-102
S0807-01151,2026-08-07,周五,09:58,07-10 早高峰,门诊采血中心,门诊,全血,生化,8,10:12,10:13,10:37,正常,,24,10:39,11:22,84,120,否,前处理-手工台,BIO-01,OP-101
S0807-01152,2026-08-07,周五,09:12,07-10 早高峰,门诊采血中心,门诊,血浆,凝血,3,09:36,09:41,10:05,正常,,24,10:13,10:33,81,120,否,前处理-手工台,COAG-01,OP-106
S0807-01153,2026-08-07,周五,09:43,07-10 早高峰,心内科病区,住院,血清,生化,18,10:10,10:14,10:28,正常,,14,10:35,11:07,84,120,否,前处理-A线,COAG-01,OP-103
S0807-01154,2026-08-07,周五,14:05,14-17,门诊采血中心,门诊,血清,血液,2,14:19,14:22,14:26,正常,,4,14:28,15:17,72,120,否,前处理-B线,BIO-01,OP-103
S0807-01155,2026-08-07,周五,07:38,07-10 早高峰,门诊采血中心,门诊,其他,免疫,7,07:49,07:51,08:17,正常,,26,08:21,08:44,66,120,否,前处理-A线,IMM-02,OP-106
S0807-01156,2026-08-07,周五,10:41,10-12,门诊采血中心,门诊,血清,微生物,6,10:59,11:03,11:07,正常,,4,11:14,15:05,264,120,是,前处理-B线,HEM-01,OP-102
S0807-01157,2026-08-07,周五,08:15,07-10 早高峰,门诊采血中心,门诊,血清,血液,2,08:23,08:27,08:40,正常,,13,08:44,09:22,67,120,否,前处理-手工台,BIO-01,OP-108
S0807-01158,2026-08-07,周五,09:37,07-10 早高峰,门诊采血中心,门诊,血浆,生化,15,10:01,10:04,10:23,正常,,19,10:27,11:02,85,120,否,前处理-B线,HEM-02,OP-107
S0807-01159,2026-08-07,周五,08:24,07-10 早高峰,儿科门诊采血窗口,门诊,尿液,免疫,1,08:35,08:36,09:04,正常,,28,09:12,09:33,69,120,否,前处理-A线,HEM-02,OP-101
S0807-01160,2026-08-07,周五,11:39,10-12,消化科病区,住院,全血,生化,10,12:21,12:22,12:26,正常,,4,12:28,13:07,88,120,否,前处理-B线,BIO-02,OP-108
S0807-01161,2026-08-07,周五,08:46,07-10 早高峰,消化科病区,住院,血清,凝血,5,09:24,09:28,09:51,正常,,23,09:55,10:37,111,120,否,前处理-A线,IMM-01,OP-101
S0807-01162,2026-08-07,周五,11:12,10-12,消化科病区,住院,血清,血液,2,11:51,11:55,12:01,正常,,6,12:07,13:02,110,120,否,前处理-手工台,COAG-01,OP-106
S0807-01163,2026-08-07,周五,18:44,17-20,门诊采血中心,门诊,血浆,生化,4,18:54,18:56,19:00,正常,,4,19:04,19:28,44,120,否,前处理-A线,MICRO-01,OP-104
S0807-01164,2026-08-07,周五,08:48,07-10 早高峰,肾内科病区,住院,尿液,免疫,1,09:24,09:27,09:43,正常,,16,09:46,10:17,89,120,否,前处理-手工台,HEM-02,OP-107
S0807-01165,2026-08-07,周五,14:08,14-17,心内科病区,住院,全血,生化,10,14:58,15:00,15:05,正常,,5,15:09,15:46,98,120,否,前处理-A线,HEM-01,OP-105
S0807-01166,2026-08-07,周五,08:43,07-10 早高峰,门诊采血中心,门诊,血清,血液,2,09:00,09:01,09:27,正常,,26,09:32,10:24,101,120,否,前处理-手工台,COAG-01,OP-103
S0807-01167,2026-08-07,周五,07:22,07-10 早高峰,门诊采血中心,门诊,血清,免疫,7,07:34,07:40,07:56,正常,,16,08:03,08:51,89,120,否,前处理-B线,IMM-01,OP-104
S0807-01168,2026-08-07,周五,13:13,12-14,门诊采血中心,门诊,血清,血液,5,13:32,13:33,13:38,正常,,5,13:42,14:31,78,120,否,前处理-手工台,BIO-02,OP-107
S0807-01169,2026-08-07,周五,17:01,17-20,急诊采血,急诊,血清,免疫,13,17:17,17:23,17:28,正常,,5,17:32,18:05,64,60,是,前处理-手工台,IMM-01,OP-107
S0807-01170,2026-08-07,周五,11:42,10-12,急诊采血,急诊,血浆,免疫,12,11:52,11:56,12:01,正常,,5,12:09,12:56,74,60,是,前处理-B线,HEM-01,OP-106
S0807-01171,2026-08-07,周五,13:45,12-14,体检中心,体检,全血,生化,6,14:07,14:10,14:20,正常,,10,14:25,15:20,95,240,否,前处理-A线,BIO-01,OP-104
S0807-01172,2026-08-07,周五,13:15,12-14,体检中心,体检,血清,生化,9,13:37,13:42,13:52,正常,,10,13:54,14:43,88,240,否,前处理-B线,HEM-01,OP-105
S0807-01173,2026-08-07,周五,07:17,07-10 早高峰,体检中心,体检,尿液,凝血,1,07:32,07:33,07:52,正常,,19,07:55,08:30,73,240,否,前处理-A线,IMM-02,OP-108
S0807-01174,2026-08-07,周五,14:28,14-17,门诊采血中心,门诊,血清,凝血,4,14:44,14:49,14:59,正常,,10,15:07,15:33,65,120,否,前处理-A线,MICRO-01,OP-101
S0807-01175,2026-08-07,周五,13:23,12-14,消化科病区,住院,全血,生化,15,13:48,13:49,13:56,正常,,7,13:59,14:46,83,120,否,前处理-B线,HEM-01,OP-103
S0807-01176,2026-08-07,周五,14:10,14-17,体检中心,体检,尿液,血液,4,14:26,14:32,14:37,正常,,5,14:41,15:28,78,240,否,前处理-A线,MICRO-01,OP-107
S0807-01177,2026-08-07,周五,07:12,07-10 早高峰,门诊采血中心,门诊,血清,生化,12,07:37,07:39,07:57,正常,,18,08:02,08:41,89,120,否,前处理-手工台,MICRO-01,OP-105
S0807-01178,2026-08-07,周五,10:28,10-12,呼吸科病区,住院,全血,免疫,5,11:13,11:19,11:29,正常,,10,11:31,11:56,88,120,否,前处理-A线,HEM-02,OP-107
S0807-01179,2026-08-07,周五,09:46,07-10 早高峰,门诊采血中心,门诊,血清,血液,3,10:08,10:10,10:36,正常,,26,10:38,11:03,77,120,否,前处理-B线,IMM-01,OP-103
S0807-01180,2026-08-07,周五,11:27,10-12,急诊采血,急诊,血清,微生物,5,11:44,11:45,11:53,正常,,8,12:01,15:59,272,60,是,前处理-B线,HEM-02,OP-108
S0807-01181,2026-08-07,周五,08:09,07-10 早高峰,消化科病区,住院,血浆,免疫,6,08:47,08:49,09:10,正常,,21,09:18,10:09,120,120,否,前处理-B线,COAG-01,OP-102
S0807-01182,2026-08-07,周五,14:30,14-17,消化科病区,住院,尿液,免疫,12,14:57,15:01,15:08,正常,,7,15:16,15:46,76,120,否,前处理-B线,IMM-01,OP-102
S0807-01183,2026-08-07,周五,09:35,07-10 早高峰,心内科病区,住院,血浆,血液,6,10:10,10:12,10:33,正常,,21,10:38,11:19,104,120,否,前处理-B线,HEM-01,OP-107
S0807-01184,2026-08-07,周五,09:20,07-10 早高峰,儿科门诊采血窗口,门诊,血清,血液,5,09:35,09:41,10:06,正常,,25,10:09,10:31,71,120,否,前处理-B线,HEM-02,OP-102
S0807-01185,2026-08-07,周五,07:08,07-10 早高峰,急诊采血,急诊,血清,免疫,18,07:23,07:29,07:46,正常,,17,07:48,08:26,78,60,是,前处理-手工台,IMM-02,OP-102
S0807-01186,2026-08-07,周五,09:11,07-10 早高峰,体检中心,体检,血清,血液,3,09:36,09:41,10:04,正常,,23,10:10,11:03,112,240,否,前处理-B线,COAG-01,OP-105
S0807-01187,2026-08-07,周五,12:29,12-14,消化科病区,住院,全血,生化,17,12:55,12:57,13:05,正常,,8,13:07,13:48,79,120,否,前处理-A线,BIO-01,OP-105
S0807-01188,2026-08-07,周五,08:34,07-10 早高峰,心内科病区,住院,全血,血液,1,09:14,09:15,09:30,正常,,15,09:38,10:11,97,120,否,前处理-A线,COAG-01,OP-106
S0807-01189,2026-08-07,周五,14:16,14-17,儿科门诊采血窗口,门诊,血浆,微生物,5,14:38,14:43,14:48,正常,,5,14:50,17:35,199,120,是,前处理-B线,IMM-02,OP-102
S0807-01190,2026-08-07,周五,09:34,07-10 早高峰,门诊采血中心,门诊,血清,凝血,3,09:59,10:04,10:29,正常,,25,10:34,11:03,89,120,否,前处理-B线,IMM-01,OP-101
S0807-01191,2026-08-07,周五,16:05,14-17,急诊采血,急诊,血清,免疫,9,16:22,16:25,16:30,正常,,5,16:37,17:19,74,60,是,前处理-手工台,IMM-01,OP-101
S0807-01192,2026-08-07,周五,07:27,07-10 早高峰,心内科病区,住院,全血,免疫,8,07:57,08:03,08:25,正常,,22,08:29,09:08,101,120,否,前处理-A线,HEM-02,OP-101
S0807-01193,2026-08-07,周五,11:35,10-12,儿科门诊采血窗口,门诊,血清,血液,3,11:51,11:54,12:04,正常,,10,12:08,12:54,79,120,否,前处理-A线,COAG-01,OP-108
S0807-01194,2026-08-07,周五,12:05,12-14,门诊采血中心,门诊,全血,生化,14,12:26,12:28,12:38,正常,,10,12:45,13:24,79,120,否,前处理-B线,BIO-01,OP-102
S0807-01195,2026-08-07,周五,09:42,07-10 早高峰,呼吸科病区,住院,全血,免疫,8,10:02,10:08,10:38,正常,,30,10:44,11:25,103,120,否,前处理-手工台,COAG-01,OP-108
S0807-01196,2026-08-07,周五,08:03,07-10 早高峰,急诊采血,急诊,血清,微生物,2,08:11,08:17,08:47,正常,,30,08:52,13:32,329,60,是,前处理-A线,MICRO-01,OP-105
S0807-01197,2026-08-07,周五,16:50,14-17,急诊采血,急诊,血清,血液,1,17:11,17:13,17:22,正常,,9,17:24,17:51,61,60,是,前处理-B线,IMM-02,OP-104
S0807-01198,2026-08-07,周五,08:01,07-10 早高峰,儿科门诊采血窗口,门诊,血清,生化,7,08:18,08:24,08:44,正常,,20,08:48,09:09,68,120,否,前处理-A线,IMM-02,OP-106
S0807-01199,2026-08-07,周五,15:31,14-17,内分泌科病区,住院,血浆,微生物,6,15:53,15:58,16:08,正常,,10,16:10,18:36,185,120,是,前处理-A线,BIO-01,OP-106
S0807-01200,2026-08-07,周五,07:41,07-10 早高峰,儿科门诊采血窗口,门诊,全血,生化,3,07:57,08:01,08:18,正常,,17,08:20,08:42,61,120,否,前处理-手工台,HEM-01,OP-104
S0807-01201,2026-08-07,周五,11:07,10-12,门诊采血中心,门诊,全血,生化,5,11:23,11:26,11:36,正常,,10,11:39,12:32,85,120,否,前处理-手工台,BIO-02,OP-104
S0807-01202,2026-08-07,周五,07:46,07-10 早高峰,消化科病区,住院,血清,生化,11,08:07,08:11,08:39,正常,,28,08:42,09:17,91,120,否,前处理-B线,COAG-01,OP-104
S0807-01203,2026-08-07,周五,11:28,10-12,消化科病区,住院,血清,生化,9,12:21,12:25,12:29,正常,,4,12:34,13:22,114,120,否,前处理-B线,HEM-02,OP-104
S0807-01204,2026-08-07,周五,16:53,14-17,门诊采血中心,门诊,全血,凝血,6,17:16,17:19,17:29,正常,,10,17:31,18:10,77,120,否,前处理-B线,COAG-01,OP-101
S0807-01205,2026-08-07,周五,09:42,07-10 早高峰,心内科病区,住院,全血,凝血,1,10:15,10:16,10:45,正常,,29,10:47,11:16,94,120,否,前处理-B线,HEM-01,OP-102
S0807-01206,2026-08-07,周五,10:54,10-12,体检中心,体检,全血,血液,3,11:16,11:19,11:23,正常,,4,11:25,12:01,67,240,否,前处理-A线,BIO-01,OP-101
S0807-01207,2026-08-07,周五,10:48,10-12,肾内科病区,住院,血清,凝血,5,11:08,11:10,11:18,正常,,8,11:23,12:04,76,120,否,前处理-A线,BIO-01,OP-104
S0807-01208,2026-08-07,周五,09:04,07-10 早高峰,内分泌科病区,住院,血清,生化,8,09:52,09:53,10:22,正常,,29,10:25,10:45,101,120,否,前处理-B线,COAG-01,OP-105
S0807-01209,2026-08-07,周五,07:22,07-10 早高峰,内分泌科病区,住院,血浆,凝血,5,08:17,08:22,08:37,正常,,15,08:45,09:26,124,120,是,前处理-A线,IMM-01,OP-108
S0807-01210,2026-08-07,周五,14:52,14-17,急诊采血,急诊,血清,血液,4,15:16,15:20,15:27,正常,,7,15:30,15:54,62,60,是,前处理-手工台,COAG-01,OP-106
S0807-01211,2026-08-07,周五,11:49,10-12,急诊采血,急诊,血清,生化,8,12:02,12:03,12:07,正常,,4,12:11,12:55,66,60,是,前处理-手工台,IMM-01,OP-102
S0807-01212,2026-08-07,周五,10:26,10-12,心内科病区,住院,血清,免疫,17,11:05,11:09,11:13,正常,,4,11:16,11:47,81,120,否,前处理-B线,MICRO-01,OP-107
S0807-01213,2026-08-07,周五,08:37,07-10 早高峰,消化科病区,住院,血浆,生化,14,09:18,09:19,09:49,正常,,30,09:52,10:30,113,120,否,前处理-手工台,HEM-02,OP-101
S0807-01214,2026-08-07,周五,09:12,07-10 早高峰,ICU,住院,血清,生化,9,09:46,09:52,10:20,正常,,28,10:26,11:07,115,90,是,前处理-B线,HEM-01,OP-106
S0807-01215,2026-08-07,周五,07:47,07-10 早高峰,门诊采血中心,门诊,其他,免疫,2,07:56,08:02,08:33,正常,,31,08:38,09:22,95,120,否,前处理-手工台,MICRO-01,OP-107
S0807-01216,2026-08-07,周五,07:42,07-10 早高峰,门诊采血中心,门诊,血清,血液,5,08:06,08:09,08:30,正常,,21,08:32,08:58,76,120,否,前处理-B线,IMM-01,OP-101
S0807-01217,2026-08-07,周五,09:44,07-10 早高峰,儿科门诊采血窗口,门诊,全血,生化,18,09:54,09:58,10:24,正常,,26,10:26,11:07,83,120,否,前处理-B线,MICRO-01,OP-104
S0807-01218,2026-08-07,周五,08:31,07-10 早高峰,门诊采血中心,门诊,血清,生化,6,08:49,08:50,09:14,正常,,24,09:22,10:11,100,120,否,前处理-手工台,HEM-02,OP-106
S0807-01219,2026-08-07,周五,09:02,07-10 早高峰,ICU,住院,其他,血液,4,09:52,09:55,10:24,正常,,29,10:31,11:12,130,90,是,前处理-手工台,HEM-02,OP-102
S0807-01220,2026-08-07,周五,11:20,10-12,门诊采血中心,门诊,血清,生化,10,11:34,11:37,11:44,正常,,7,11:52,12:23,63,120,否,前处理-手工台,BIO-01,OP-103
S0807-01221,2026-08-07,周五,09:19,07-10 早高峰,门诊采血中心,门诊,血清,凝血,1,09:29,09:33,10:00,正常,,27,10:06,10:58,99,120,否,前处理-A线,BIO-01,OP-101
S0807-01222,2026-08-07,周五,10:25,10-12,ICU,住院,全血,生化,15,11:14,11:18,11:26,正常,,8,11:30,12:21,116,90,是,前处理-B线,IMM-01,OP-108
S0807-01223,2026-08-07,周五,10:47,10-12,门诊采血中心,门诊,尿液,生化,16,11:07,11:09,11:13,正常,,4,11:15,11:39,52,120,否,前处理-手工台,IMM-01,OP-104
S0807-01224,2026-08-07,周五,14:11,14-17,门诊采血中心,门诊,全血,免疫,12,14:33,14:36,14:42,正常,,6,14:49,15:13,62,120,否,前处理-A线,IMM-01,OP-105
S0807-01225,2026-08-07,周五,11:57,10-12,门诊采血中心,门诊,血清,生化,13,12:08,12:13,12:22,正常,,9,12:27,13:12,75,120,否,前处理-A线,HEM-02,OP-107
S0807-01226,2026-08-07,周五,15:31,14-17,体检中心,体检,全血,血液,3,15:45,15:46,15:55,正常,,9,16:03,16:37,66,240,否,前处理-手工台,BIO-02,OP-107
S0807-01227,2026-08-07,周五,08:22,07-10 早高峰,肾内科病区,住院,血清,凝血,1,09:11,09:12,09:24,正常,,12,09:32,09:59,97,120,否,前处理-B线,COAG-01,OP-104
S0807-01228,2026-08-07,周五,09:53,07-10 早高峰,门诊采血中心,门诊,血清,生化,6,10:08,10:14,10:33,正常,,19,10:38,11:14,81,120,否,前处理-B线,IMM-01,OP-107
S0807-01229,2026-08-07,周五,09:30,07-10 早高峰,儿科门诊采血窗口,门诊,血清,生化,3,09:46,09:49,10:03,正常,,14,10:10,10:56,86,120,否,前处理-A线,HEM-02,OP-106
S0807-01230,2026-08-07,周五,16:22,14-17,呼吸科病区,住院,血清,生化,16,16:55,16:58,17:05,正常,,7,17:10,17:43,81,120,否,前处理-B线,HEM-02,OP-105
S0807-01231,2026-08-07,周五,10:28,10-12,肾内科病区,住院,血清,生化,13,11:16,11:19,11:24,正常,,5,11:28,11:55,87,120,否,前处理-手工台,IMM-01,OP-107
S0807-01232,2026-08-07,周五,10:30,10-12,门诊采血中心,门诊,血清,免疫,9,10:45,10:46,10:52,正常,,6,10:56,11:24,54,120,否,前处理-B线,BIO-02,OP-105
S0807-01233,2026-08-07,周五,11:22,10-12,ICU,住院,血清,免疫,1,12:06,12:08,12:12,正常,,4,12:19,12:45,83,90,否,前处理-A线,BIO-02,OP-101
S0807-01234,2026-08-07,周五,15:46,14-17,门诊采血中心,门诊,血清,生化,4,16:03,16:08,16:15,正常,,7,16:21,17:14,88,120,否,前处理-A线,HEM-01,OP-106
S0807-01235,2026-08-07,周五,07:23,07-10 早高峰,儿科门诊采血窗口,门诊,血清,血液,2,07:32,07:33,08:11,报错,样本量不足,38,08:17,08:57,94,120,否,前处理-手工台,COAG-01,OP-103
S0807-01236,2026-08-07,周五,10:10,10-12,急诊采血,急诊,全血,凝血,6,10:20,10:22,10:31,正常,,9,10:39,11:07,57,60,否,前处理-手工台,IMM-01,OP-107
S0807-01237,2026-08-07,周五,13:24,12-14,体检中心,体检,血清,免疫,1,13:34,13:36,13:41,正常,,5,13:45,14:10,46,240,否,前处理-手工台,IMM-02,OP-108
S0807-01238,2026-08-07,周五,15:56,14-17,内分泌科病区,住院,全血,生化,15,16:32,16:35,16:41,正常,,6,16:44,17:15,79,120,否,前处理-手工台,MICRO-01,OP-103
S0807-01239,2026-08-07,周五,08:17,07-10 早高峰,呼吸科病区,住院,血清,凝血,1,08:37,08:42,09:07,正常,,25,09:09,09:33,76,120,否,前处理-A线,IMM-01,OP-107
S0807-01240,2026-08-07,周五,13:22,12-14,ICU,住院,血浆,免疫,8,13:55,14:00,14:04,正常,,4,14:11,14:55,93,90,是,前处理-A线,IMM-01,OP-104
S0807-01241,2026-08-07,周五,14:20,14-17,体检中心,体检,血清,免疫,10,14:30,14:36,14:41,正常,,5,14:45,15:28,68,240,否,前处理-手工台,HEM-01,OP-108
S0807-01242,2026-08-07,周五,16:53,14-17,门诊采血中心,门诊,血浆,生化,18,17:16,17:18,17:28,正常,,10,17:31,18:19,86,120,否,前处理-手工台,IMM-01,OP-103
S0807-01243,2026-08-07,周五,15:15,14-17,内分泌科病区,住院,血清,血液,2,16:00,16:05,16:13,正常,,8,16:20,16:47,92,120,否,前处理-手工台,BIO-01,OP-102
S0807-01244,2026-08-07,周五,07:50,07-10 早高峰,消化科病区,住院,全血,血液,2,08:33,08:39,08:58,正常,,19,09:04,09:58,128,120,是,前处理-A线,BIO-02,OP-101
S0807-01245,2026-08-07,周五,14:18,14-17,消化科病区,住院,血清,生化,10,14:56,14:58,15:07,正常,,9,15:13,15:34,76,120,否,前处理-B线,IMM-01,OP-102
S0807-01246,2026-08-07,周五,14:23,14-17,消化科病区,住院,血清,凝血,2,15:01,15:02,15:08,正常,,6,15:10,16:05,102,120,否,前处理-手工台,IMM-02,OP-102
S0807-01247,2026-08-07,周五,09:02,07-10 早高峰,消化科病区,住院,尿液,免疫,9,09:34,09:40,10:12,正常,,32,10:15,10:37,95,120,否,前处理-手工台,MICRO-01,OP-102
S0807-01248,2026-08-07,周五,07:06,07-10 早高峰,呼吸科病区,住院,血清,生化,17,07:41,07:42,08:08,正常,,26,08:11,08:33,87,120,否,前处理-A线,COAG-01,OP-103
S0807-01249,2026-08-07,周五,10:33,10-12,儿科门诊采血窗口,门诊,血清,凝血,5,10:52,10:54,11:23,报错,样本量不足,29,11:28,12:15,102,120,否,前处理-手工台,MICRO-01,OP-104
S0807-01250,2026-08-07,周五,11:24,10-12,门诊采血中心,门诊,血清,生化,9,11:36,11:42,11:48,正常,,6,11:56,12:18,54,120,否,前处理-手工台,BIO-01,OP-102
S0807-01251,2026-08-07,周五,14:17,14-17,体检中心,体检,血清,血液,3,14:25,14:26,14:35,正常,,9,14:38,15:19,62,240,否,前处理-手工台,HEM-01,OP-101
S0807-01252,2026-08-07,周五,07:54,07-10 早高峰,儿科门诊采血窗口,门诊,血清,生化,7,08:14,08:20,08:58,报错,条码识别失败,38,09:02,09:28,94,120,否,前处理-B线,BIO-02,OP-101
S0807-01253,2026-08-07,周五,17:52,17-20,心内科病区,住院,全血,免疫,17,18:17,18:21,18:27,正常,,6,18:30,19:09,77,120,否,前处理-B线,BIO-02,OP-108
S0807-01254,2026-08-07,周五,09:08,07-10 早高峰,呼吸科病区,住院,全血,免疫,7,09:48,09:52,10:18,正常,,26,10:21,10:51,103,120,否,前处理-手工台,BIO-02,OP-101
S0807-01255,2026-08-07,周五,16:42,14-17,体检中心,体检,全血,生化,12,16:53,16:59,17:05,正常,,6,17:12,17:35,53,240,否,前处理-B线,IMM-01,OP-105
S0807-01256,2026-08-07,周五,08:33,07-10 早高峰,急诊采血,急诊,血清,生化,16,08:56,09:02,09:15,正常,,13,09:18,10:07,94,60,是,前处理-手工台,BIO-01,OP-102
S0807-01257,2026-08-07,周五,09:25,07-10 早高峰,急诊采血,急诊,血清,生化,13,09:42,09:45,09:59,正常,,14,10:03,10:47,82,60,是,前处理-B线,HEM-02,OP-107
S0807-01258,2026-08-07,周五,08:45,07-10 早高峰,儿科门诊采血窗口,门诊,全血,微生物,2,09:07,09:13,10:09,报错,溶血,56,10:17,13:36,291,120,是,前处理-手工台,IMM-02,OP-105
S0807-01259,2026-08-07,周五,10:40,10-12,门诊采血中心,门诊,血清,免疫,3,11:04,11:07,11:12,正常,,5,11:16,11:58,78,120,否,前处理-手工台,MICRO-01,OP-105
S0807-01260,2026-08-07,周五,08:51,07-10 早高峰,内分泌科病区,住院,全血,免疫,4,09:18,09:22,09:51,正常,,29,09:57,10:37,106,120,否,前处理-A线,BIO-01,OP-107
S0807-01261,2026-08-07,周五,12:34,12-14,门诊采血中心,门诊,全血,生化,13,12:56,12:58,13:03,正常,,5,13:07,13:38,64,120,否,前处理-A线,BIO-02,OP-105
S0807-01262,2026-08-07,周五,09:58,07-10 早高峰,门诊采血中心,门诊,血清,免疫,18,10:07,10:11,10:36,正常,,25,10:41,11:17,79,120,否,前处理-手工台,IMM-02,OP-104
S0807-01263,2026-08-07,周五,07:30,07-10 早高峰,急诊采血,急诊,尿液,生化,5,07:46,07:47,08:03,正常,,16,08:06,08:32,62,60,是,前处理-A线,IMM-01,OP-107
S0807-01264,2026-08-07,周五,08:25,07-10 早高峰,门诊采血中心,门诊,全血,血液,6,08:36,08:37,09:00,正常,,23,09:06,09:26,61,120,否,前处理-B线,HEM-01,OP-106
S0807-01265,2026-08-07,周五,17:46,17-20,急诊采血,急诊,血清,生化,13,17:57,18:02,18:08,正常,,6,18:15,18:48,62,60,是,前处理-A线,COAG-01,OP-102
S0807-01266,2026-08-07,周五,08:53,07-10 早高峰,呼吸科病区,住院,血清,凝血,3,09:25,09:31,09:57,正常,,26,10:03,10:37,104,120,否,前处理-B线,BIO-02,OP-102
S0807-01267,2026-08-07,周五,15:39,14-17,门诊采血中心,门诊,全血,微生物,4,16:04,16:06,16:15,正常,,9,16:18,20:56,317,120,是,前处理-A线,HEM-01,OP-107
S0807-01268,2026-08-07,周五,09:26,07-10 早高峰,ICU,住院,尿液,生化,4,10:14,10:17,11:14,报错,样本凝集,57,11:20,11:58,152,90,是,前处理-B线,BIO-01,OP-104
S0807-01269,2026-08-07,周五,10:33,10-12,体检中心,体检,血清,微生物,5,10:46,10:47,10:53,正常,,6,10:57,15:18,285,240,是,前处理-B线,MICRO-01,OP-106
S0807-01270,2026-08-07,周五,11:48,10-12,消化科病区,住院,血浆,免疫,1,12:28,12:34,12:42,正常,,8,12:47,13:14,86,120,否,前处理-B线,HEM-02,OP-101
S0807-01271,2026-08-07,周五,16:51,14-17,消化科病区,住院,全血,生化,10,17:19,17:25,17:30,正常,,5,17:36,18:18,87,120,否,前处理-A线,MICRO-01,OP-107
S0807-01272,2026-08-07,周五,19:28,17-20,儿科门诊采血窗口,门诊,全血,生化,11,19:48,19:51,20:01,正常,,10,20:08,20:28,60,120,否,前处理-A线,MICRO-01,OP-104
S0807-01273,2026-08-07,周五,14:07,14-17,内分泌科病区,住院,血清,微生物,5,14:52,14:55,15:04,正常,,9,15:10,18:22,255,120,是,前处理-手工台,MICRO-01,OP-108
S0807-01274,2026-08-07,周五,13:20,12-14,体检中心,体检,血清,免疫,8,13:32,13:37,13:41,正常,,4,13:49,14:21,61,240,否,前处理-手工台,MICRO-01,OP-108
S0807-01275,2026-08-07,周五,16:33,14-17,门诊采血中心,门诊,血清,生化,9,16:45,16:51,17:18,报错,条码识别失败,27,17:23,18:02,89,120,否,前处理-手工台,HEM-01,OP-102
S0807-01276,2026-08-07,周五,08:47,07-10 早高峰,心内科病区,住院,血清,生化,4,09:22,09:24,09:41,正常,,17,09:43,10:24,97,120,否,前处理-B线,HEM-01,OP-106
S0807-01277,2026-08-07,周五,08:15,07-10 早高峰,消化科病区,住院,血清,血液,2,08:48,08:53,09:13,正常,,20,09:21,09:55,100,120,否,前处理-B线,HEM-02,OP-105
S0807-01278,2026-08-07,周五,17:14,17-20,门诊采血中心,门诊,全血,生化,16,17:33,17:34,17:41,正常,,7,17:44,18:15,61,120,否,前处理-A线,BIO-01,OP-101
S0808-01279,2026-08-08,周六,09:13,07-10 早高峰,体检中心,体检,血清,免疫,16,09:28,09:31,09:46,正常,,15,09:48,10:22,69,240,否,前处理-A线,BIO-01,OP-101
S0808-01280,2026-08-08,周六,11:55,10-12,肾内科病区,住院,全血,免疫,16,12:33,12:38,12:44,正常,,6,12:46,13:17,82,120,否,前处理-A线,BIO-02,OP-107
S0808-01281,2026-08-08,周六,09:15,07-10 早高峰,儿科门诊采血窗口,门诊,血清,免疫,12,09:23,09:28,09:55,正常,,27,10:01,10:34,79,120,否,前处理-手工台,HEM-02,OP-107
S0808-01282,2026-08-08,周六,08:14,07-10 早高峰,肾内科病区,住院,血浆,血液,4,09:02,09:08,09:28,正常,,20,09:33,10:01,107,120,否,前处理-B线,MICRO-01,OP-105
S0808-01283,2026-08-08,周六,09:25,07-10 早高峰,急诊采血,急诊,血清,血液,4,09:42,09:48,10:14,正常,,26,10:16,10:51,86,60,是,前处理-手工台,BIO-02,OP-102
S0808-01284,2026-08-08,周六,14:47,14-17,ICU,住院,全血,生化,7,15:33,15:36,15:40,正常,,4,15:48,16:35,108,90,是,前处理-B线,BIO-01,OP-106
S0808-01285,2026-08-08,周六,14:02,14-17,心内科病区,住院,尿液,凝血,2,14:41,14:43,15:05,报错,样本量不足,22,15:13,15:39,97,120,否,前处理-A线,BIO-02,OP-105
S0808-01286,2026-08-08,周六,13:02,12-14,呼吸科病区,住院,全血,生化,1,13:22,13:25,13:31,正常,,6,13:34,14:28,86,120,否,前处理-手工台,COAG-01,OP-102
S0808-01287,2026-08-08,周六,08:50,07-10 早高峰,儿科门诊采血窗口,门诊,全血,生化,13,09:12,09:18,10:01,报错,条码识别失败,43,10:09,10:56,126,120,是,前处理-手工台,IMM-02,OP-104
S0808-01288,2026-08-08,周六,11:17,10-12,门诊采血中心,门诊,血清,生化,15,11:31,11:33,11:41,正常,,8,11:49,12:33,76,120,否,前处理-手工台,IMM-01,OP-101
S0808-01289,2026-08-08,周六,15:48,14-17,门诊采血中心,门诊,血清,免疫,18,16:09,16:14,16:24,正常,,10,16:30,17:10,82,120,否,前处理-手工台,HEM-01,OP-106
S0808-01290,2026-08-08,周六,16:01,14-17,门诊采血中心,门诊,血清,血液,2,16:12,16:15,16:24,正常,,9,16:32,17:25,84,120,否,前处理-B线,BIO-01,OP-102
S0808-01291,2026-08-08,周六,09:46,07-10 早高峰,急诊采血,急诊,血清,生化,14,09:56,10:01,10:22,正常,,21,10:30,10:58,72,60,是,前处理-B线,IMM-02,OP-102
S0808-01292,2026-08-08,周六,08:24,07-10 早高峰,体检中心,体检,血清,凝血,2,08:36,08:39,09:09,正常,,30,09:16,10:11,107,240,否,前处理-B线,COAG-01,OP-105
S0808-01293,2026-08-08,周六,08:57,07-10 早高峰,消化科病区,住院,血清,血液,3,09:45,09:49,10:16,正常,,27,10:22,11:17,140,120,是,前处理-B线,HEM-01,OP-103
S0808-01294,2026-08-08,周六,15:10,14-17,儿科门诊采血窗口,门诊,血浆,生化,5,15:35,15:38,15:42,正常,,4,15:47,16:33,83,120,否,前处理-手工台,IMM-01,OP-106
S0808-01295,2026-08-08,周六,16:12,14-17,门诊采血中心,门诊,血清,生化,7,16:32,16:33,16:43,正常,,10,16:48,17:40,88,120,否,前处理-A线,IMM-02,OP-101
S0808-01296,2026-08-08,周六,08:55,07-10 早高峰,ICU,住院,全血,血液,2,09:19,09:24,09:48,正常,,24,09:52,10:36,101,90,是,前处理-手工台,IMM-02,OP-105
S0808-01297,2026-08-08,周六,07:56,07-10 早高峰,心内科病区,住院,血清,微生物,6,08:43,08:49,09:16,正常,,27,09:18,12:57,301,120,是,前处理-B线,HEM-02,OP-106
S0808-01298,2026-08-08,周六,16:25,14-17,体检中心,体检,全血,血液,2,16:33,16:34,16:57,报错,溶血,23,16:59,17:30,65,240,否,前处理-A线,BIO-02,OP-101
S0808-01299,2026-08-08,周六,15:40,14-17,心内科病区,住院,尿液,免疫,7,16:24,16:28,16:38,正常,,10,16:45,17:12,92,120,否,前处理-A线,MICRO-01,OP-105
S0808-01300,2026-08-08,周六,15:56,14-17,ICU,住院,血清,凝血,1,16:19,16:20,16:26,正常,,6,16:31,17:25,89,90,否,前处理-B线,IMM-01,OP-104
S0808-01301,2026-08-08,周六,07:29,07-10 早高峰,体检中心,体检,血清,凝血,6,07:39,07:43,07:55,正常,,12,08:00,08:50,81,240,否,前处理-A线,HEM-02,OP-108
S0808-01302,2026-08-08,周六,07:27,07-10 早高峰,儿科门诊采血窗口,门诊,血浆,生化,6,07:38,07:40,08:07,正常,,27,08:12,08:44,77,120,否,前处理-A线,IMM-01,OP-105
S0808-01303,2026-08-08,周六,08:13,07-10 早高峰,消化科病区,住院,血清,免疫,10,08:33,08:37,09:17,报错,条码识别失败,40,09:23,09:43,90,120,否,前处理-B线,BIO-02,OP-107
S0808-01304,2026-08-08,周六,14:25,14-17,门诊采血中心,门诊,血清,生化,7,14:40,14:42,14:47,正常,,5,14:50,15:13,48,120,否,前处理-A线,HEM-01,OP-107
S0808-01305,2026-08-08,周六,10:48,10-12,内分泌科病区,住院,全血,血液,2,11:21,11:22,11:27,正常,,5,11:32,12:05,77,120,否,前处理-A线,MICRO-01,OP-105
S0808-01306,2026-08-08,周六,08:36,07-10 早高峰,儿科门诊采血窗口,门诊,血清,免疫,9,08:59,09:01,09:20,正常,,19,09:25,09:59,83,120,否,前处理-A线,IMM-02,OP-108
S0808-01307,2026-08-08,周六,17:25,17-20,儿科门诊采血窗口,门诊,血清,生化,17,17:39,17:40,17:48,正常,,8,17:52,18:39,74,120,否,前处理-B线,IMM-01,OP-106
S0808-01308,2026-08-08,周六,07:30,07-10 早高峰,门诊采血中心,门诊,尿液,免疫,12,07:43,07:48,08:13,正常,,25,08:20,08:47,77,120,否,前处理-手工台,MICRO-01,OP-103
S0808-01309,2026-08-08,周六,15:55,14-17,体检中心,体检,血清,免疫,9,16:18,16:23,16:33,正常,,10,16:38,17:04,69,240,否,前处理-A线,COAG-01,OP-105
S0808-01310,2026-08-08,周六,16:31,14-17,内分泌科病区,住院,血浆,微生物,1,17:20,17:26,17:34,正常,,8,17:41,21:35,304,120,是,前处理-A线,HEM-02,OP-108
S0808-01311,2026-08-08,周六,07:15,07-10 早高峰,儿科门诊采血窗口,门诊,全血,免疫,2,07:23,07:26,07:48,正常,,22,07:56,08:39,84,120,否,前处理-B线,IMM-02,OP-105
S0808-01312,2026-08-08,周六,07:27,07-10 早高峰,体检中心,体检,血清,血液,2,07:46,07:49,08:11,正常,,22,08:19,08:49,82,240,否,前处理-手工台,BIO-01,OP-104
S0808-01313,2026-08-08,周六,11:53,10-12,肾内科病区,住院,血浆,生化,7,12:19,12:22,12:26,正常,,4,12:28,13:23,90,120,否,前处理-A线,HEM-01,OP-102
S0808-01314,2026-08-08,周六,07:05,07-10 早高峰,呼吸科病区,住院,全血,生化,14,07:35,07:39,08:07,正常,,28,08:13,08:37,92,120,否,前处理-B线,IMM-02,OP-104
S0808-01315,2026-08-08,周六,08:16,07-10 早高峰,心内科病区,住院,血浆,微生物,1,08:50,08:53,09:13,正常,,20,09:21,12:21,245,120,是,前处理-B线,HEM-02,OP-101
S0808-01316,2026-08-08,周六,12:34,12-14,门诊采血中心,门诊,血清,免疫,8,12:55,13:00,13:24,报错,样本凝集,24,13:31,14:11,97,120,否,前处理-B线,BIO-01,OP-105
S0808-01317,2026-08-08,周六,10:11,10-12,儿科门诊采血窗口,门诊,血清,生化,6,10:35,10:37,10:44,正常,,7,10:49,11:41,90,120,否,前处理-手工台,MICRO-01,OP-107
S0808-01318,2026-08-08,周六,10:29,10-12,门诊采血中心,门诊,血清,免疫,1,10:54,10:59,11:09,正常,,10,11:15,12:07,98,120,否,前处理-手工台,IMM-01,OP-104
S0808-01319,2026-08-08,周六,10:17,10-12,急诊采血,急诊,血清,免疫,17,10:41,10:42,10:50,正常,,8,10:56,11:27,70,60,是,前处理-B线,IMM-01,OP-106
S0808-01320,2026-08-08,周六,09:01,07-10 早高峰,急诊采血,急诊,血清,生化,1,09:15,09:20,09:36,正常,,16,09:39,10:24,83,60,是,前处理-手工台,BIO-02,OP-103
S0808-01321,2026-08-08,周六,07:51,07-10 早高峰,儿科门诊采血窗口,门诊,血浆,血液,4,08:04,08:06,08:18,正常,,12,08:23,08:57,66,120,否,前处理-A线,BIO-01,OP-108
S0808-01322,2026-08-08,周六,08:58,07-10 早高峰,门诊采血中心,门诊,血清,微生物,2,09:14,09:20,09:46,正常,,26,09:50,14:24,326,120,是,前处理-手工台,COAG-01,OP-106
S0808-01323,2026-08-08,周六,16:39,14-17,门诊采血中心,门诊,血浆,生化,9,16:57,17:03,17:07,正常,,4,17:15,17:53,74,120,否,前处理-手工台,BIO-01,OP-102
S0808-01324,2026-08-08,周六,09:49,07-10 早高峰,消化科病区,住院,全血,凝血,4,10:10,10:12,10:34,正常,,22,10:37,11:01,72,120,否,前处理-A线,HEM-02,OP-107
S0808-01325,2026-08-08,周六,19:15,17-20,呼吸科病区,住院,血清,生化,10,20:10,20:11,20:17,正常,,6,20:19,20:59,104,120,否,前处理-A线,COAG-01,OP-104
S0808-01326,2026-08-08,周六,19:49,17-20,心内科病区,住院,血清,微生物,4,20:33,20:36,20:45,正常,,9,20:53,00:30,281,120,是,前处理-手工台,MICRO-01,OP-106
S0808-01327,2026-08-08,周六,08:03,07-10 早高峰,呼吸科病区,住院,血清,生化,2,08:55,08:58,09:10,正常,,12,09:13,10:06,123,120,是,前处理-A线,HEM-02,OP-104
S0808-01328,2026-08-08,周六,08:06,07-10 早高峰,体检中心,体检,血清,微生物,2,08:31,08:35,09:00,正常,,25,09:08,12:11,245,240,是,前处理-手工台,BIO-02,OP-108
S0808-01329,2026-08-08,周六,07:07,07-10 早高峰,门诊采血中心,门诊,全血,生化,2,07:18,07:19,07:36,正常,,17,07:41,08:32,85,120,否,前处理-手工台,MICRO-01,OP-108
S0808-01330,2026-08-08,周六,11:37,10-12,呼吸科病区,住院,血清,生化,2,12:24,12:25,12:31,正常,,6,12:39,13:16,99,120,否,前处理-A线,HEM-01,OP-103
S0808-01331,2026-08-08,周六,08:40,07-10 早高峰,内分泌科病区,住院,全血,凝血,6,09:34,09:36,09:59,正常,,23,10:05,10:35,115,120,否,前处理-A线,IMM-01,OP-105
S0808-01332,2026-08-08,周六,08:17,07-10 早高峰,ICU,住院,尿液,凝血,3,08:54,09:00,09:27,正常,,27,09:30,10:04,107,90,是,前处理-B线,HEM-01,OP-104
S0808-01333,2026-08-08,周六,10:24,10-12,门诊采血中心,门诊,全血,免疫,9,10:49,10:52,11:00,正常,,8,11:08,11:28,64,120,否,前处理-B线,HEM-02,OP-104
S0808-01334,2026-08-08,周六,08:35,07-10 早高峰,门诊采血中心,门诊,血清,血液,3,08:48,08:50,09:17,正常,,27,09:19,09:41,66,120,否,前处理-B线,BIO-01,OP-101
S0808-01335,2026-08-08,周六,15:50,14-17,儿科门诊采血窗口,门诊,血浆,血液,6,16:11,16:15,16:21,正常,,6,16:28,16:50,60,120,否,前处理-B线,HEM-02,OP-108
S0808-01336,2026-08-08,周六,12:40,12-14,门诊采血中心,门诊,全血,微生物,6,13:04,13:09,13:16,正常,,7,13:19,17:18,278,120,是,前处理-A线,MICRO-01,OP-101
S0808-01337,2026-08-08,周六,09:20,07-10 早高峰,心内科病区,住院,血清,生化,18,10:08,10:10,10:51,报错,样本量不足,41,10:59,11:53,153,120,是,前处理-A线,BIO-01,OP-102
S0808-01338,2026-08-08,周六,08:13,07-10 早高峰,门诊采血中心,门诊,血清,生化,4,08:32,08:37,09:02,正常,,25,09:06,09:45,92,120,否,前处理-A线,HEM-02,OP-106
S0808-01339,2026-08-08,周六,09:52,07-10 早高峰,急诊采血,急诊,血清,微生物,5,10:01,10:04,10:24,正常,,20,10:28,15:20,328,60,是,前处理-A线,HEM-01,OP-107
S0808-01340,2026-08-08,周六,08:01,07-10 早高峰,肾内科病区,住院,血清,血液,1,08:45,08:47,09:29,报错,溶血,42,09:31,10:02,121,120,是,前处理-A线,COAG-01,OP-104
S0808-01341,2026-08-08,周六,07:18,07-10 早高峰,肾内科病区,住院,全血,生化,12,07:55,08:01,08:29,正常,,28,08:34,09:22,124,120,是,前处理-B线,BIO-01,OP-107
S0808-01342,2026-08-08,周六,07:35,07-10 早高峰,体检中心,体检,血清,血液,4,07:44,07:46,08:12,正常,,26,08:14,08:36,61,240,否,前处理-A线,BIO-01,OP-106
S0808-01343,2026-08-08,周六,08:31,07-10 早高峰,门诊采血中心,门诊,血清,生化,15,08:42,08:46,09:09,正常,,23,09:17,09:39,68,120,否,前处理-A线,IMM-01,OP-101
S0808-01344,2026-08-08,周六,09:22,07-10 早高峰,ICU,住院,全血,免疫,11,10:15,10:18,10:42,正常,,24,10:48,11:23,121,90,是,前处理-手工台,IMM-02,OP-106
S0808-01345,2026-08-08,周六,14:31,14-17,体检中心,体检,全血,免疫,17,14:44,14:47,14:54,正常,,7,15:01,15:23,52,240,否,前处理-A线,IMM-02,OP-103
S0808-01346,2026-08-08,周六,11:29,10-12,内分泌科病区,住院,血清,凝血,3,12:15,12:20,12:30,正常,,10,12:38,13:19,110,120,否,前处理-B线,IMM-02,OP-105
S0808-01347,2026-08-08,周六,09:43,07-10 早高峰,门诊采血中心,门诊,血清,生化,10,09:53,09:54,10:22,正常,,28,10:30,11:12,89,120,否,前处理-A线,HEM-01,OP-101
S0808-01348,2026-08-08,周六,09:57,07-10 早高峰,体检中心,体检,尿液,免疫,14,10:21,10:25,10:43,正常,,18,10:50,11:12,75,240,否,前处理-手工台,IMM-02,OP-104
S0808-01349,2026-08-08,周六,08:40,07-10 早高峰,门诊采血中心,门诊,血清,微生物,1,08:54,08:59,09:20,正常,,21,09:24,13:00,260,120,是,前处理-手工台,BIO-02,OP-102
S0808-01350,2026-08-08,周六,14:22,14-17,门诊采血中心,门诊,全血,免疫,11,14:35,14:38,14:43,正常,,5,14:45,15:19,57,120,否,前处理-A线,HEM-01,OP-105
S0808-01351,2026-08-08,周六,14:03,14-17,呼吸科病区,住院,血清,免疫,12,14:47,14:53,14:59,正常,,6,15:05,15:32,89,120,否,前处理-A线,HEM-02,OP-107
S0808-01352,2026-08-08,周六,09:57,07-10 早高峰,呼吸科病区,住院,尿液,生化,9,10:21,10:25,10:44,正常,,19,10:50,11:27,90,120,否,前处理-B线,BIO-01,OP-103
S0808-01353,2026-08-08,周六,08:21,07-10 早高峰,儿科门诊采血窗口,门诊,全血,凝血,3,08:33,08:37,09:15,报错,样本量不足,38,09:17,09:59,98,120,否,前处理-B线,HEM-02,OP-101
S0808-01354,2026-08-08,周六,16:01,14-17,儿科门诊采血窗口,门诊,全血,免疫,5,16:17,16:21,16:25,正常,,4,16:32,17:08,67,120,否,前处理-A线,BIO-01,OP-102
S0808-01355,2026-08-08,周六,13:31,12-14,消化科病区,住院,全血,生化,13,14:26,14:31,14:41,正常,,10,14:43,15:26,115,120,否,前处理-手工台,COAG-01,OP-101
S0808-01356,2026-08-08,周六,08:28,07-10 早高峰,门诊采血中心,门诊,血清,生化,14,08:37,08:38,08:59,正常,,21,09:01,09:34,66,120,否,前处理-手工台,COAG-01,OP-105
S0808-01357,2026-08-08,周六,09:04,07-10 早高峰,儿科门诊采血窗口,门诊,血清,免疫,4,09:19,09:20,09:32,正常,,12,09:39,10:30,86,120,否,前处理-A线,MICRO-01,OP-107
S0808-01358,2026-08-08,周六,15:29,14-17,体检中心,体检,全血,免疫,8,15:52,15:57,16:02,正常,,5,16:07,17:00,91,240,否,前处理-A线,MICRO-01,OP-101
S0808-01359,2026-08-08,周六,09:46,07-10 早高峰,内分泌科病区,住院,血清,免疫,12,10:10,10:12,10:50,报错,样本凝集,38,10:56,11:22,96,120,否,前处理-手工台,HEM-02,OP-104
S0808-01360,2026-08-08,周六,17:22,17-20,消化科病区,住院,血清,免疫,14,17:56,18:00,18:06,正常,,6,18:09,18:44,82,120,否,前处理-手工台,HEM-01,OP-107
S0808-01361,2026-08-08,周六,11:32,10-12,儿科门诊采血窗口,门诊,血清,血液,2,11:56,11:58,12:07,正常,,9,12:12,12:40,68,120,否,前处理-A线,COAG-01,OP-108
S0808-01362,2026-08-08,周六,10:08,10-12,呼吸科病区,住院,血清,凝血,6,10:36,10:37,10:41,正常,,4,10:48,11:14,66,120,否,前处理-A线,IMM-01,OP-105
S0808-01363,2026-08-08,周六,16:21,14-17,内分泌科病区,住院,全血,免疫,6,16:52,16:58,17:04,正常,,6,17:08,17:32,71,120,否,前处理-手工台,BIO-01,OP-105
S0808-01364,2026-08-08,周六,16:31,14-17,门诊采血中心,门诊,全血,生化,16,16:41,16:46,16:50,正常,,4,16:55,17:26,55,120,否,前处理-B线,MICRO-01,OP-104
S0808-01365,2026-08-08,周六,16:26,14-17,门诊采血中心,门诊,血清,生化,17,16:38,16:40,16:46,正常,,6,16:53,17:13,47,120,否,前处理-手工台,IMM-02,OP-107
S0808-01366,2026-08-08,周六,14:56,14-17,呼吸科病区,住院,血清,血液,1,15:41,15:47,15:57,正常,,10,16:02,16:40,104,120,否,前处理-手工台,COAG-01,OP-103
S0808-01367,2026-08-08,周六,11:01,10-12,门诊采血中心,门诊,血浆,免疫,10,11:18,11:23,11:28,正常,,5,11:30,11:50,49,120,否,前处理-A线,BIO-02,OP-105
S0808-01368,2026-08-08,周六,08:41,07-10 早高峰,呼吸科病区,住院,血清,血液,2,09:10,09:16,09:36,正常,,20,09:43,10:07,86,120,否,前处理-A线,IMM-02,OP-103
S0808-01369,2026-08-08,周六,16:22,14-17,门诊采血中心,门诊,全血,生化,15,16:32,16:38,16:46,正常,,8,16:53,17:37,75,120,否,前处理-B线,IMM-02,OP-105
S0808-01370,2026-08-08,周六,08:28,07-10 早高峰,内分泌科病区,住院,血清,血液,2,09:18,09:20,09:51,正常,,31,09:59,10:34,126,120,是,前处理-A线,HEM-01,OP-101
S0808-01371,2026-08-08,周六,19:15,17-20,门诊采血中心,门诊,血清,血液,1,19:39,19:44,19:51,正常,,7,19:57,20:34,79,120,否,前处理-手工台,BIO-02,OP-104
S0808-01372,2026-08-08,周六,07:35,07-10 早高峰,门诊采血中心,门诊,全血,微生物,4,07:49,07:53,08:14,正常,,21,08:16,11:29,234,120,是,前处理-手工台,MICRO-01,OP-101
S0808-01373,2026-08-08,周六,16:32,14-17,急诊采血,急诊,尿液,生化,4,16:49,16:51,16:57,正常,,6,17:04,17:37,65,60,是,前处理-手工台,MICRO-01,OP-106
S0808-01374,2026-08-08,周六,13:28,12-14,门诊采血中心,门诊,血浆,血液,2,13:44,13:46,13:55,正常,,9,13:59,14:21,53,120,否,前处理-B线,BIO-01,OP-103
S0808-01375,2026-08-08,周六,09:13,07-10 早高峰,门诊采血中心,门诊,全血,生化,9,09:26,09:27,09:47,正常,,20,09:53,10:14,61,120,否,前处理-A线,IMM-01,OP-102
S0808-01376,2026-08-08,周六,18:27,17-20,心内科病区,住院,全血,生化,16,19:01,19:06,19:16,正常,,10,19:19,20:05,98,120,否,前处理-手工台,HEM-01,OP-102
S0808-01377,2026-08-08,周六,14:32,14-17,门诊采血中心,门诊,血浆,血液,4,14:52,14:56,15:03,正常,,7,15:05,15:36,64,120,否,前处理-手工台,IMM-02,OP-106
S0808-01378,2026-08-08,周六,16:48,14-17,呼吸科病区,住院,血清,免疫,6,17:11,17:15,17:20,正常,,5,17:28,17:52,64,120,否,前处理-B线,COAG-01,OP-102
S0808-01379,2026-08-08,周六,09:32,07-10 早高峰,ICU,住院,血清,免疫,7,10:22,10:27,10:44,正常,,17,10:49,11:24,112,90,是,前处理-B线,MICRO-01,OP-106
S0808-01380,2026-08-08,周六,09:36,07-10 早高峰,门诊采血中心,门诊,血清,微生物,3,09:58,10:04,10:30,正常,,26,10:36,12:51,195,120,是,前处理-B线,HEM-02,OP-106
S0808-01381,2026-08-08,周六,16:32,14-17,心内科病区,住院,血清,生化,4,17:19,17:25,17:34,正常,,9,17:38,18:07,95,120,否,前处理-B线,HEM-02,OP-103
S0808-01382,2026-08-08,周六,19:58,17-20,门诊采血中心,门诊,血清,微生物,4,20:14,20:15,20:20,正常,,5,20:27,01:11,313,120,是,前处理-A线,BIO-01,OP-102
S0808-01383,2026-08-08,周六,07:48,07-10 早高峰,门诊采血中心,门诊,血清,凝血,3,08:11,08:14,08:40,正常,,26,08:46,09:16,88,120,否,前处理-A线,IMM-01,OP-106
S0808-01384,2026-08-08,周六,09:57,07-10 早高峰,心内科病区,住院,血清,血液,4,10:41,10:44,11:07,正常,,23,11:10,11:38,101,120,否,前处理-B线,MICRO-01,OP-101
S0808-01385,2026-08-08,周六,08:37,07-10 早高峰,门诊采血中心,门诊,血清,生化,14,08:45,08:51,09:17,正常,,26,09:22,09:57,80,120,否,前处理-A线,MICRO-01,OP-103
S0808-01386,2026-08-08,周六,19:56,17-20,心内科病区,住院,血浆,凝血,1,20:41,20:45,20:53,正常,,8,20:58,21:35,99,120,否,前处理-B线,IMM-01,OP-108
S0808-01387,2026-08-08,周六,11:35,10-12,肾内科病区,住院,血清,免疫,17,12:09,12:11,12:17,正常,,6,12:25,13:02,87,120,否,前处理-手工台,MICRO-01,OP-103
S0808-01388,2026-08-08,周六,08:30,07-10 早高峰,门诊采血中心,门诊,全血,微生物,6,08:55,08:57,09:19,正常,,22,09:21,13:17,287,120,是,前处理-A线,COAG-01,OP-103
S0808-01389,2026-08-08,周六,09:49,07-10 早高峰,肾内科病区,住院,血清,免疫,15,10:14,10:16,11:08,报错,样本量不足,52,11:15,12:01,132,120,是,前处理-B线,BIO-01,OP-106
S0808-01390,2026-08-08,周六,07:53,07-10 早高峰,儿科门诊采血窗口,门诊,全血,免疫,8,08:18,08:19,09:07,报错,样本量不足,48,09:15,10:08,135,120,是,前处理-手工台,BIO-02,OP-102
S0808-01391,2026-08-08,周六,08:24,07-10 早高峰,门诊采血中心,门诊,血清,生化,18,08:37,08:40,08:57,正常,,17,08:59,09:27,63,120,否,前处理-B线,BIO-01,OP-108
S0808-01392,2026-08-08,周六,18:11,17-20,内分泌科病区,住院,血清,生化,11,19:05,19:06,19:11,正常,,5,19:17,19:49,98,120,否,前处理-B线,HEM-02,OP-103
S0808-01393,2026-08-08,周六,09:52,07-10 早高峰,ICU,住院,血清,生化,14,10:13,10:18,10:31,正常,,13,10:35,10:59,67,90,否,前处理-手工台,COAG-01,OP-104
S0808-01394,2026-08-08,周六,12:36,12-14,呼吸科病区,住院,全血,血液,5,12:58,13:03,13:12,正常,,9,13:15,13:40,64,120,否,前处理-B线,BIO-01,OP-107
S0808-01395,2026-08-08,周六,07:06,07-10 早高峰,肾内科病区,住院,全血,生化,14,07:36,07:39,07:56,正常,,17,08:02,08:30,84,120,否,前处理-手工台,BIO-01,OP-104
S0808-01396,2026-08-08,周六,07:25,07-10 早高峰,体检中心,体检,全血,生化,13,07:50,07:53,08:12,正常,,19,08:14,08:50,85,240,否,前处理-A线,COAG-01,OP-105
S0808-01397,2026-08-08,周六,07:45,07-10 早高峰,体检中心,体检,全血,免疫,9,08:03,08:05,08:18,正常,,13,08:26,08:47,62,240,否,前处理-B线,HEM-01,OP-107
S0808-01398,2026-08-08,周六,09:39,07-10 早高峰,呼吸科病区,住院,尿液,血液,6,10:11,10:14,10:38,正常,,24,10:46,11:19,100,120,否,前处理-A线,IMM-01,OP-108
S0808-01399,2026-08-08,周六,15:20,14-17,急诊采血,急诊,全血,免疫,3,15:37,15:40,15:45,正常,,5,15:48,16:17,57,60,否,前处理-手工台,BIO-01,OP-101
S0808-01400,2026-08-08,周六,09:56,07-10 早高峰,门诊采血中心,门诊,全血,生化,15,10:19,10:23,10:53,正常,,30,10:56,11:31,95,120,否,前处理-A线,HEM-02,OP-102
S0808-01401,2026-08-08,周六,07:28,07-10 早高峰,呼吸科病区,住院,全血,凝血,2,08:17,08:20,09:12,报错,条码识别失败,52,09:19,10:06,158,120,是,前处理-B线,BIO-02,OP-103
S0808-01402,2026-08-08,周六,11:23,10-12,门诊采血中心,门诊,全血,生化,5,11:34,11:36,11:45,正常,,9,11:53,12:37,74,120,否,前处理-B线,IMM-01,OP-101
S0808-01403,2026-08-08,周六,08:30,07-10 早高峰,内分泌科病区,住院,血清,凝血,5,09:22,09:24,09:43,正常,,19,09:48,10:42,132,120,是,前处理-手工台,BIO-01,OP-106
S0808-01404,2026-08-08,周六,13:24,12-14,门诊采血中心,门诊,全血,生化,16,13:45,13:49,13:53,正常,,4,13:57,14:27,63,120,否,前处理-A线,HEM-01,OP-102
S0808-01405,2026-08-08,周六,11:01,10-12,心内科病区,住院,血清,免疫,6,11:41,11:46,11:53,正常,,7,12:00,12:42,101,120,否,前处理-手工台,BIO-02,OP-104
S0808-01406,2026-08-08,周六,08:45,07-10 早高峰,门诊采血中心,门诊,其他,免疫,4,09:10,09:14,09:39,正常,,25,09:42,10:03,78,120,否,前处理-手工台,IMM-01,OP-103
S0808-01407,2026-08-08,周六,14:23,14-17,内分泌科病区,住院,血清,生化,13,14:45,14:46,14:51,正常,,5,14:55,15:35,72,120,否,前处理-B线,BIO-02,OP-102
S0808-01408,2026-08-08,周六,15:14,14-17,儿科门诊采血窗口,门诊,尿液,凝血,5,15:32,15:36,15:41,正常,,5,15:48,16:38,84,120,否,前处理-B线,IMM-02,OP-107
S0808-01409,2026-08-08,周六,09:43,07-10 早高峰,门诊采血中心,门诊,血清,凝血,1,09:56,10:00,10:19,正常,,19,10:25,11:12,89,120,否,前处理-B线,MICRO-01,OP-106
S0808-01410,2026-08-08,周六,07:00,07-10 早高峰,心内科病区,住院,血清,免疫,3,07:29,07:34,08:03,正常,,29,08:10,09:04,124,120,是,前处理-A线,IMM-02,OP-107
S0808-01411,2026-08-08,周六,15:15,14-17,消化科病区,住院,全血,凝血,5,15:56,16:00,16:39,报错,溶血,39,16:41,17:07,112,120,否,前处理-B线,BIO-01,OP-107
S0808-01412,2026-08-08,周六,08:19,07-10 早高峰,心内科病区,住院,血清,生化,16,09:08,09:09,09:31,正常,,22,09:34,10:23,124,120,是,前处理-B线,IMM-02,OP-106
S0808-01413,2026-08-08,周六,11:54,10-12,急诊采血,急诊,血清,生化,17,12:07,12:08,12:14,正常,,6,12:16,12:58,64,60,是,前处理-手工台,BIO-01,OP-107
S0808-01414,2026-08-08,周六,10:18,10-12,门诊采血中心,门诊,尿液,血液,2,10:29,10:35,10:39,正常,,4,10:43,11:26,68,120,否,前处理-手工台,MICRO-01,OP-105
S0808-01415,2026-08-08,周六,08:24,07-10 早高峰,内分泌科病区,住院,血清,生化,16,09:06,09:09,09:27,正常,,18,09:34,10:14,110,120,否,前处理-B线,BIO-02,OP-102
S0808-01416,2026-08-08,周六,07:12,07-10 早高峰,儿科门诊采血窗口,门诊,全血,生化,18,07:30,07:31,08:03,报错,样本量不足,32,08:10,08:57,105,120,否,前处理-B线,HEM-02,OP-105
S0808-01417,2026-08-08,周六,07:34,07-10 早高峰,体检中心,体检,血清,生化,9,07:50,07:52,08:32,报错,条码识别失败,40,08:37,09:28,114,240,否,前处理-A线,HEM-01,OP-106
S0808-01418,2026-08-08,周六,13:43,12-14,门诊采血中心,门诊,血清,微生物,4,13:54,13:57,14:01,正常,,4,14:04,16:36,173,120,是,前处理-B线,MICRO-01,OP-105
S0808-01419,2026-08-08,周六,11:53,10-12,ICU,住院,血清,血液,4,12:21,12:26,12:36,正常,,10,12:39,13:34,101,90,是,前处理-A线,BIO-02,OP-107
S0808-01420,2026-08-08,周六,14:55,14-17,呼吸科病区,住院,血清,免疫,16,15:48,15:51,16:00,正常,,9,16:07,16:58,123,120,是,前处理-手工台,MICRO-01,OP-103
S0808-01421,2026-08-08,周六,08:51,07-10 早高峰,儿科门诊采血窗口,门诊,全血,生化,8,09:11,09:14,09:33,正常,,19,09:37,10:12,81,120,否,前处理-手工台,IMM-01,OP-107
S0808-01422,2026-08-08,周六,11:22,10-12,急诊采血,急诊,血清,血液,2,11:35,11:41,11:45,正常,,4,11:47,12:35,73,60,是,前处理-B线,HEM-02,OP-108
S0808-01423,2026-08-08,周六,14:35,14-17,体检中心,体检,血浆,免疫,10,14:55,14:57,15:07,正常,,10,15:12,15:54,79,240,否,前处理-手工台,BIO-01,OP-107
S0808-01424,2026-08-08,周六,11:13,10-12,儿科门诊采血窗口,门诊,血清,血液,5,11:29,11:30,11:37,正常,,7,11:39,12:04,51,120,否,前处理-A线,IMM-01,OP-101
S0808-01425,2026-08-08,周六,15:16,14-17,内分泌科病区,住院,血清,血液,5,16:06,16:11,16:18,正常,,7,16:24,17:05,109,120,否,前处理-手工台,COAG-01,OP-107
S0808-01426,2026-08-08,周六,12:41,12-14,门诊采血中心,门诊,血清,血液,6,12:54,13:00,13:04,正常,,4,13:11,14:05,84,120,否,前处理-手工台,IMM-01,OP-108
